PRAGMA foreign_keys=OFF;
BEGIN TRANSACTION;
CREATE TABLE IF NOT EXISTS "api" (
    "id" INTEGER PRIMARY KEY AUTOINCREMENT NOT NULL,
    "created_at" TIMESTAMP NOT NULL  DEFAULT CURRENT_TIMESTAMP,
    "updated_at" TIMESTAMP NOT NULL  DEFAULT CURRENT_TIMESTAMP,
    "path" VARCHAR(100) NOT NULL  /* API路径 */,
    "method" VARCHAR(6) NOT NULL  /* 请求方法 */,
    "summary" VARCHAR(500) NOT NULL  /* 请求简介 */,
    "tags" VARCHAR(100) NOT NULL  /* API标签 */
);
INSERT INTO api VALUES(1,'2026-01-08 15:02:06.386933+08:00','2026-01-08 15:02:06.386939+08:00','/api/v1/base/userinfo','GET','查看用户信息','基础模块');
INSERT INTO api VALUES(2,'2026-01-08 15:02:06.387333+08:00','2026-01-08 15:02:06.387338+08:00','/api/v1/base/usermenu','GET','查看用户菜单','基础模块');
INSERT INTO api VALUES(3,'2026-01-08 15:02:06.387779+08:00','2026-01-08 15:02:06.387782+08:00','/api/v1/base/userapi','GET','查看用户API','基础模块');
INSERT INTO api VALUES(4,'2026-01-08 15:02:06.388157+08:00','2026-01-08 15:02:06.388161+08:00','/api/v1/base/update_password','POST','修改密码','基础模块');
INSERT INTO api VALUES(5,'2026-01-08 15:02:06.388664+08:00','2026-01-08 15:02:06.388669+08:00','/api/v1/user/list','GET','查看用户列表','用户模块');
INSERT INTO api VALUES(6,'2026-01-08 15:02:06.389025+08:00','2026-01-08 15:02:06.389029+08:00','/api/v1/user/get','GET','查看用户','用户模块');
INSERT INTO api VALUES(7,'2026-01-08 15:02:06.389447+08:00','2026-01-08 15:02:06.389460+08:00','/api/v1/user/create','POST','创建用户','用户模块');
INSERT INTO api VALUES(8,'2026-01-08 15:02:06.389862+08:00','2026-01-08 15:02:06.389867+08:00','/api/v1/user/update','POST','更新用户','用户模块');
INSERT INTO api VALUES(9,'2026-01-08 15:02:06.390234+08:00','2026-01-08 15:02:06.390238+08:00','/api/v1/user/delete','DELETE','删除用户','用户模块');
INSERT INTO api VALUES(10,'2026-01-08 15:02:06.390591+08:00','2026-01-08 15:02:06.390595+08:00','/api/v1/user/reset_password','POST','重置密码','用户模块');
INSERT INTO api VALUES(11,'2026-01-08 15:02:06.390932+08:00','2026-01-08 15:02:06.390935+08:00','/api/v1/role/list','GET','查看角色列表','角色模块');
INSERT INTO api VALUES(12,'2026-01-08 15:02:06.391301+08:00','2026-01-08 15:02:06.391305+08:00','/api/v1/role/get','GET','查看角色','角色模块');
INSERT INTO api VALUES(13,'2026-01-08 15:02:06.391646+08:00','2026-01-08 15:02:06.391650+08:00','/api/v1/role/create','POST','创建角色','角色模块');
INSERT INTO api VALUES(14,'2026-01-08 15:02:06.391984+08:00','2026-01-08 15:02:06.391988+08:00','/api/v1/role/update','POST','更新角色','角色模块');
INSERT INTO api VALUES(15,'2026-01-08 15:02:06.392332+08:00','2026-01-08 15:02:06.392336+08:00','/api/v1/role/delete','DELETE','删除角色','角色模块');
INSERT INTO api VALUES(16,'2026-01-08 15:02:06.392674+08:00','2026-01-08 15:02:06.392678+08:00','/api/v1/role/authorized','GET','查看角色权限','角色模块');
INSERT INTO api VALUES(17,'2026-01-08 15:02:06.393023+08:00','2026-01-08 15:02:06.393027+08:00','/api/v1/role/authorized','POST','更新角色权限','角色模块');
INSERT INTO api VALUES(18,'2026-01-08 15:02:06.393346+08:00','2026-01-08 15:02:06.393351+08:00','/api/v1/menu/list','GET','查看菜单列表','菜单模块');
INSERT INTO api VALUES(19,'2026-01-08 15:02:06.393685+08:00','2026-01-08 15:02:06.393690+08:00','/api/v1/menu/get','GET','查看菜单','菜单模块');
INSERT INTO api VALUES(20,'2026-01-08 15:02:06.394004+08:00','2026-01-08 15:02:06.394009+08:00','/api/v1/menu/create','POST','创建菜单','菜单模块');
INSERT INTO api VALUES(21,'2026-01-08 15:02:06.394404+08:00','2026-01-08 15:02:06.394408+08:00','/api/v1/menu/update','POST','更新菜单','菜单模块');
INSERT INTO api VALUES(22,'2026-01-08 15:02:06.394835+08:00','2026-01-08 15:02:06.394842+08:00','/api/v1/menu/delete','DELETE','删除菜单','菜单模块');
INSERT INTO api VALUES(23,'2026-01-08 15:02:06.395375+08:00','2026-01-08 15:02:06.395379+08:00','/api/v1/api/list','GET','查看API列表','API模块');
INSERT INTO api VALUES(24,'2026-01-08 15:02:06.395755+08:00','2026-01-08 15:02:06.395759+08:00','/api/v1/api/get','GET','查看Api','API模块');
INSERT INTO api VALUES(25,'2026-01-08 15:02:06.396090+08:00','2026-01-08 15:02:06.396094+08:00','/api/v1/api/create','POST','创建Api','API模块');
INSERT INTO api VALUES(26,'2026-01-08 15:02:06.396453+08:00','2026-01-08 15:02:06.396456+08:00','/api/v1/api/update','POST','更新Api','API模块');
INSERT INTO api VALUES(27,'2026-01-08 15:02:06.396797+08:00','2026-01-08 15:02:06.396801+08:00','/api/v1/api/delete','DELETE','删除Api','API模块');
INSERT INTO api VALUES(28,'2026-01-08 15:02:06.397156+08:00','2026-01-08 15:02:06.397161+08:00','/api/v1/api/refresh','POST','刷新API列表','API模块');
INSERT INTO api VALUES(29,'2026-01-08 15:02:06.399389+08:00','2026-01-08 15:02:06.399395+08:00','/api/v1/dept/list','GET','查看部门列表','部门模块');
INSERT INTO api VALUES(30,'2026-01-08 15:02:06.399713+08:00','2026-01-08 15:02:06.399718+08:00','/api/v1/dept/get','GET','查看部门','部门模块');
INSERT INTO api VALUES(31,'2026-01-08 15:02:06.400068+08:00','2026-01-08 15:02:06.400072+08:00','/api/v1/dept/create','POST','创建部门','部门模块');
INSERT INTO api VALUES(32,'2026-01-08 15:02:06.400409+08:00','2026-01-08 15:02:06.400412+08:00','/api/v1/dept/update','POST','更新部门','部门模块');
INSERT INTO api VALUES(33,'2026-01-08 15:02:06.400758+08:00','2026-01-08 15:02:06.400761+08:00','/api/v1/dept/delete','DELETE','删除部门','部门模块');
INSERT INTO api VALUES(34,'2026-01-08 15:02:06.401142+08:00','2026-01-08 15:02:06.401147+08:00','/api/v1/auditlog/list','GET','查看操作日志','审计日志模块');
CREATE TABLE IF NOT EXISTS "auditlog" (
    "id" INTEGER PRIMARY KEY AUTOINCREMENT NOT NULL,
    "created_at" TIMESTAMP NOT NULL  DEFAULT CURRENT_TIMESTAMP,
    "updated_at" TIMESTAMP NOT NULL  DEFAULT CURRENT_TIMESTAMP,
    "user_id" INT NOT NULL  /* 用户ID */,
    "username" VARCHAR(64) NOT NULL  DEFAULT '' /* 用户名称 */,
    "module" VARCHAR(64) NOT NULL  DEFAULT '' /* 功能模块 */,
    "summary" VARCHAR(128) NOT NULL  DEFAULT '' /* 请求描述 */,
    "method" VARCHAR(10) NOT NULL  DEFAULT '' /* 请求方法 */,
    "path" VARCHAR(255) NOT NULL  DEFAULT '' /* 请求路径 */,
    "status" INT NOT NULL  DEFAULT -1 /* 状态码 */,
    "response_time" INT NOT NULL  DEFAULT 0 /* 响应时间(单位ms) */,
    "request_args" JSON   /* 请求参数 */,
    "response_body" JSON   /* 返回数据 */
);
INSERT INTO auditlog VALUES(1,'2026-01-08 15:02:18.947776+08:00','2026-01-08 15:02:18.947814+08:00',0,'','','','GET','/.well-known/appspecific/com.chrome.devtools.json',404,1,'{}','{"detail":"Not Found"}');
INSERT INTO auditlog VALUES(2,'2026-01-08 15:22:52.828459+08:00','2026-01-08 15:22:52.828472+08:00',1,'admin','基础模块','查看用户信息','GET','/api/v1/base/userinfo',200,2,'{}','{"code":200,"msg":"OK","data":{"is_active":true,"id":1,"dept_id":0,"last_login":"2026-01-08 15:22:52","phone":null,"username":"admin","updated_at":"2026-01-08 15:22:52","alias":null,"is_superuser":true,"created_at":"2026-01-08 15:02:06","email":"admin@admin.com","avatar":"https://avatars.githubusercontent.com/u/54677442?v=4"}}');
INSERT INTO auditlog VALUES(3,'2026-01-08 15:22:52.836374+08:00','2026-01-08 15:22:52.836385+08:00',1,'admin','基础模块','查看用户菜单','GET','/api/v1/base/usermenu',200,2,'{}','{"code":200,"msg":"OK","data":[{"remark":null,"menu_type":"catalog","id":1,"name":"系统管理","component":"Layout","path":"/system","icon":"carbon:gui-management","order":1,"updated_at":"2026-01-08 15:02:06","parent_id":0,"created_at":"2026-01-08 15:02:06","redirect":"/system/user","is_hidden":false,"keepalive":false,"children":[{"remark":null,"menu_type":"menu","id":2,"name":"用户管理","component":"/system/user","path":"user","icon":"material-symbols:person-outline-rounded","order":1,"updated_at":"2026-01-08 15:02:06","parent_id":1,"created_at":"2026-01-08 15:02:06","redirect":null,"is_hidden":false,"keepalive":false},{"remark":null,"menu_type":"menu","id":3,"name":"角色管理","component":"/system/role","path":"role","icon":"carbon:user-role","order":2,"updated_at":"2026-01-08 15:02:06","parent_id":1,"created_at":"2026-01-08 15:02:06","redirect":null,"is_hidden":false,"keepalive":false},{"remark":null,"menu_type":"menu","id":4,"name":"菜单管理","component":"/system/menu","path":"menu","icon":"material-symbols:list-alt-outline","order":3,"updated_at":"2026-01-08 15:02:06","parent_id":1,"created_at":"2026-01-08 15:02:06","redirect":null,"is_hidden":false,"keepalive":false},{"remark":null,"menu_type":"menu","id":5,"name":"API管理","component":"/system/api","path":"api","icon":"ant-design:api-outlined","order":4,"updated_at":"2026-01-08 15:02:06","parent_id":1,"created_at":"2026-01-08 15:02:06","redirect":null,"is_hidden":false,"keepalive":false},{"remark":null,"menu_type":"menu","id":6,"name":"部门管理","component":"/system/dept","path":"dept","icon":"mingcute:department-line","order":5,"updated_at":"2026-01-08 15:02:06","parent_id":1,"created_at":"2026-01-08 15:02:06","redirect":null,"is_hidden":false,"keepalive":false},{"remark":null,"menu_type":"menu","id":7,"name":"审计日志","component":"/system/auditlog","path":"auditlog","icon":"ph:clipboard-text-bold","order":6,"updated_at":"2026-01-08 15:02:06","parent_id":1,"created_at":"2026-01-08 15:02:06","redirect":null,"is_hidden":false,"keepalive":false}]},{"remark":null,"menu_type":"menu","id":8,"name":"一级菜单","component":"/top-menu","path":"/top-menu","icon":"material-symbols:featured-play-list-outline","order":2,"updated_at":"2026-01-08 15:02:06","parent_id":0,"created_at":"2026-01-08 15:02:06","redirect":"","is_hidden":false,"keepalive":false,"children":[]}]}');
INSERT INTO auditlog VALUES(4,'2026-01-08 15:22:52.843988+08:00','2026-01-08 15:22:52.843995+08:00',1,'admin','基础模块','查看用户API','GET','/api/v1/base/userapi',200,2,'{}','{"code":200,"msg":"OK","data":["get/api/v1/base/userinfo","get/api/v1/base/usermenu","get/api/v1/base/userapi","post/api/v1/base/update_password","get/api/v1/user/list","get/api/v1/user/get","post/api/v1/user/create","post/api/v1/user/update","delete/api/v1/user/delete","post/api/v1/user/reset_password","get/api/v1/role/list","get/api/v1/role/get","post/api/v1/role/create","post/api/v1/role/update","delete/api/v1/role/delete","get/api/v1/role/authorized","post/api/v1/role/authorized","get/api/v1/menu/list","get/api/v1/menu/get","post/api/v1/menu/create","post/api/v1/menu/update","delete/api/v1/menu/delete","get/api/v1/api/list","get/api/v1/api/get","post/api/v1/api/create","post/api/v1/api/update","delete/api/v1/api/delete","post/api/v1/api/refresh","get/api/v1/dept/list","get/api/v1/dept/get","post/api/v1/dept/create","post/api/v1/dept/update","delete/api/v1/dept/delete","get/api/v1/auditlog/list"]}');
INSERT INTO auditlog VALUES(5,'2026-01-08 15:23:19.408399+08:00','2026-01-08 15:23:19.408406+08:00',1,'admin','部门模块','查看部门列表','GET','/api/v1/dept/list',200,3,'{}','{"code":200,"msg":"OK","data":[]}');
INSERT INTO auditlog VALUES(6,'2026-01-08 15:23:19.408898+08:00','2026-01-08 15:23:19.408902+08:00',1,'admin','角色模块','查看角色列表','GET','/api/v1/role/list',200,4,'{"page":"1","page_size":"9999"}','{"code":200,"msg":null,"data":[{"id":1,"name":"管理员","desc":"管理员角色","updated_at":"2026-01-08 15:02:06","created_at":"2026-01-08 15:02:06"},{"id":2,"name":"普通用户","desc":"普通用户角色","updated_at":"2026-01-08 15:02:06","created_at":"2026-01-08 15:02:06"}],"total":2,"page":1,"page_size":9999}');
INSERT INTO auditlog VALUES(7,'2026-01-08 15:23:19.409940+08:00','2026-01-08 15:23:19.409950+08:00',1,'admin','用户模块','查看用户列表','GET','/api/v1/user/list',200,5,'{"page":"1","page_size":"10"}','{"code":200,"msg":null,"data":[{"is_active":true,"id":1,"last_login":"2026-01-08 15:22:52","phone":null,"username":"admin","updated_at":"2026-01-08 15:22:52","alias":null,"is_superuser":true,"created_at":"2026-01-08 15:02:06","email":"admin@admin.com","roles":[],"dept":{}}],"total":1,"page":1,"page_size":10}');
INSERT INTO auditlog VALUES(8,'2026-01-08 15:23:20.913797+08:00','2026-01-08 15:23:20.913804+08:00',1,'admin','角色模块','查看角色列表','GET','/api/v1/role/list',200,1,'{"page":"1","page_size":"10"}','{"code":200,"msg":null,"data":[{"id":1,"name":"管理员","desc":"管理员角色","updated_at":"2026-01-08 15:02:06","created_at":"2026-01-08 15:02:06"},{"id":2,"name":"普通用户","desc":"普通用户角色","updated_at":"2026-01-08 15:02:06","created_at":"2026-01-08 15:02:06"}],"total":2,"page":1,"page_size":10}');
INSERT INTO auditlog VALUES(9,'2026-01-08 16:04:45.520920+08:00','2026-01-08 16:04:45.520931+08:00',1,'admin','基础模块','查看用户信息','GET','/api/v1/base/userinfo',200,47,'{}','{"code":200,"msg":"OK","data":{"dept_id":0,"username":"admin","is_superuser":true,"last_login":"2026-01-08 15:22:52","phone":null,"updated_at":"2026-01-08 15:22:52","is_active":true,"email":"admin@admin.com","created_at":"2026-01-08 15:02:06","alias":null,"id":1,"avatar":"https://avatars.githubusercontent.com/u/54677442?v=4"}}');
INSERT INTO auditlog VALUES(10,'2026-01-08 16:04:45.527762+08:00','2026-01-08 16:04:45.527768+08:00',1,'admin','基础模块','查看用户菜单','GET','/api/v1/base/usermenu',200,1,'{}','{"code":200,"msg":"OK","data":[{"path":"/system","menu_type":"catalog","name":"系统管理","is_hidden":false,"order":1,"component":"Layout","keepalive":false,"icon":"carbon:gui-management","updated_at":"2026-01-08 15:02:06","parent_id":0,"redirect":"/system/user","created_at":"2026-01-08 15:02:06","remark":null,"id":1,"children":[{"path":"user","menu_type":"menu","name":"用户管理","is_hidden":false,"order":1,"component":"/system/user","keepalive":false,"icon":"material-symbols:person-outline-rounded","updated_at":"2026-01-08 15:02:06","parent_id":1,"redirect":null,"created_at":"2026-01-08 15:02:06","remark":null,"id":2},{"path":"role","menu_type":"menu","name":"角色管理","is_hidden":false,"order":2,"component":"/system/role","keepalive":false,"icon":"carbon:user-role","updated_at":"2026-01-08 15:02:06","parent_id":1,"redirect":null,"created_at":"2026-01-08 15:02:06","remark":null,"id":3},{"path":"menu","menu_type":"menu","name":"菜单管理","is_hidden":false,"order":3,"component":"/system/menu","keepalive":false,"icon":"material-symbols:list-alt-outline","updated_at":"2026-01-08 15:02:06","parent_id":1,"redirect":null,"created_at":"2026-01-08 15:02:06","remark":null,"id":4},{"path":"api","menu_type":"menu","name":"API管理","is_hidden":false,"order":4,"component":"/system/api","keepalive":false,"icon":"ant-design:api-outlined","updated_at":"2026-01-08 15:02:06","parent_id":1,"redirect":null,"created_at":"2026-01-08 15:02:06","remark":null,"id":5},{"path":"dept","menu_type":"menu","name":"部门管理","is_hidden":false,"order":5,"component":"/system/dept","keepalive":false,"icon":"mingcute:department-line","updated_at":"2026-01-08 15:02:06","parent_id":1,"redirect":null,"created_at":"2026-01-08 15:02:06","remark":null,"id":6},{"path":"auditlog","menu_type":"menu","name":"审计日志","is_hidden":false,"order":6,"component":"/system/auditlog","keepalive":false,"icon":"ph:clipboard-text-bold","updated_at":"2026-01-08 15:02:06","parent_id":1,"redirect":null,"created_at":"2026-01-08 15:02:06","remark":null,"id":7}]},{"path":"/top-menu","menu_type":"menu","name":"一级菜单","is_hidden":false,"order":2,"component":"/top-menu","keepalive":false,"icon":"material-symbols:featured-play-list-outline","updated_at":"2026-01-08 15:02:06","parent_id":0,"redirect":"","created_at":"2026-01-08 15:02:06","remark":null,"id":8,"children":[]}]}');
INSERT INTO auditlog VALUES(11,'2026-01-08 16:04:45.532845+08:00','2026-01-08 16:04:45.532850+08:00',1,'admin','基础模块','查看用户API','GET','/api/v1/base/userapi',200,1,'{}','{"code":200,"msg":"OK","data":["get/api/v1/base/userinfo","get/api/v1/base/usermenu","get/api/v1/base/userapi","post/api/v1/base/update_password","get/api/v1/user/list","get/api/v1/user/get","post/api/v1/user/create","post/api/v1/user/update","delete/api/v1/user/delete","post/api/v1/user/reset_password","get/api/v1/role/list","get/api/v1/role/get","post/api/v1/role/create","post/api/v1/role/update","delete/api/v1/role/delete","get/api/v1/role/authorized","post/api/v1/role/authorized","get/api/v1/menu/list","get/api/v1/menu/get","post/api/v1/menu/create","post/api/v1/menu/update","delete/api/v1/menu/delete","get/api/v1/api/list","get/api/v1/api/get","post/api/v1/api/create","post/api/v1/api/update","delete/api/v1/api/delete","post/api/v1/api/refresh","get/api/v1/dept/list","get/api/v1/dept/get","post/api/v1/dept/create","post/api/v1/dept/update","delete/api/v1/dept/delete","get/api/v1/auditlog/list"]}');
INSERT INTO auditlog VALUES(12,'2026-01-08 16:04:51.336893+08:00','2026-01-08 16:04:51.336899+08:00',1,'admin','基础模块','查看用户信息','GET','/api/v1/base/userinfo',200,0,'{}','{"code":200,"msg":"OK","data":{"dept_id":0,"username":"admin","is_superuser":true,"last_login":"2026-01-08 15:22:52","phone":null,"updated_at":"2026-01-08 15:22:52","is_active":true,"email":"admin@admin.com","created_at":"2026-01-08 15:02:06","alias":null,"id":1,"avatar":"https://avatars.githubusercontent.com/u/54677442?v=4"}}');
INSERT INTO auditlog VALUES(13,'2026-01-08 16:04:51.342855+08:00','2026-01-08 16:04:51.342865+08:00',1,'admin','基础模块','查看用户菜单','GET','/api/v1/base/usermenu',200,1,'{}','{"code":200,"msg":"OK","data":[{"path":"/system","menu_type":"catalog","name":"系统管理","is_hidden":false,"order":1,"component":"Layout","keepalive":false,"icon":"carbon:gui-management","updated_at":"2026-01-08 15:02:06","parent_id":0,"redirect":"/system/user","created_at":"2026-01-08 15:02:06","remark":null,"id":1,"children":[{"path":"user","menu_type":"menu","name":"用户管理","is_hidden":false,"order":1,"component":"/system/user","keepalive":false,"icon":"material-symbols:person-outline-rounded","updated_at":"2026-01-08 15:02:06","parent_id":1,"redirect":null,"created_at":"2026-01-08 15:02:06","remark":null,"id":2},{"path":"role","menu_type":"menu","name":"角色管理","is_hidden":false,"order":2,"component":"/system/role","keepalive":false,"icon":"carbon:user-role","updated_at":"2026-01-08 15:02:06","parent_id":1,"redirect":null,"created_at":"2026-01-08 15:02:06","remark":null,"id":3},{"path":"menu","menu_type":"menu","name":"菜单管理","is_hidden":false,"order":3,"component":"/system/menu","keepalive":false,"icon":"material-symbols:list-alt-outline","updated_at":"2026-01-08 15:02:06","parent_id":1,"redirect":null,"created_at":"2026-01-08 15:02:06","remark":null,"id":4},{"path":"api","menu_type":"menu","name":"API管理","is_hidden":false,"order":4,"component":"/system/api","keepalive":false,"icon":"ant-design:api-outlined","updated_at":"2026-01-08 15:02:06","parent_id":1,"redirect":null,"created_at":"2026-01-08 15:02:06","remark":null,"id":5},{"path":"dept","menu_type":"menu","name":"部门管理","is_hidden":false,"order":5,"component":"/system/dept","keepalive":false,"icon":"mingcute:department-line","updated_at":"2026-01-08 15:02:06","parent_id":1,"redirect":null,"created_at":"2026-01-08 15:02:06","remark":null,"id":6},{"path":"auditlog","menu_type":"menu","name":"审计日志","is_hidden":false,"order":6,"component":"/system/auditlog","keepalive":false,"icon":"ph:clipboard-text-bold","updated_at":"2026-01-08 15:02:06","parent_id":1,"redirect":null,"created_at":"2026-01-08 15:02:06","remark":null,"id":7}]},{"path":"/top-menu","menu_type":"menu","name":"一级菜单","is_hidden":false,"order":2,"component":"/top-menu","keepalive":false,"icon":"material-symbols:featured-play-list-outline","updated_at":"2026-01-08 15:02:06","parent_id":0,"redirect":"","created_at":"2026-01-08 15:02:06","remark":null,"id":8,"children":[]}]}');
INSERT INTO auditlog VALUES(14,'2026-01-08 16:04:51.347122+08:00','2026-01-08 16:04:51.347131+08:00',1,'admin','基础模块','查看用户API','GET','/api/v1/base/userapi',200,1,'{}','{"code":200,"msg":"OK","data":["get/api/v1/base/userinfo","get/api/v1/base/usermenu","get/api/v1/base/userapi","post/api/v1/base/update_password","get/api/v1/user/list","get/api/v1/user/get","post/api/v1/user/create","post/api/v1/user/update","delete/api/v1/user/delete","post/api/v1/user/reset_password","get/api/v1/role/list","get/api/v1/role/get","post/api/v1/role/create","post/api/v1/role/update","delete/api/v1/role/delete","get/api/v1/role/authorized","post/api/v1/role/authorized","get/api/v1/menu/list","get/api/v1/menu/get","post/api/v1/menu/create","post/api/v1/menu/update","delete/api/v1/menu/delete","get/api/v1/api/list","get/api/v1/api/get","post/api/v1/api/create","post/api/v1/api/update","delete/api/v1/api/delete","post/api/v1/api/refresh","get/api/v1/dept/list","get/api/v1/dept/get","post/api/v1/dept/create","post/api/v1/dept/update","delete/api/v1/dept/delete","get/api/v1/auditlog/list"]}');
INSERT INTO auditlog VALUES(15,'2026-01-08 16:04:52.983755+08:00','2026-01-08 16:04:52.983762+08:00',1,'admin','部门模块','查看部门列表','GET','/api/v1/dept/list',200,6,'{}','{"code":200,"msg":"OK","data":[]}');
INSERT INTO auditlog VALUES(16,'2026-01-08 16:04:52.984281+08:00','2026-01-08 16:04:52.984286+08:00',1,'admin','角色模块','查看角色列表','GET','/api/v1/role/list',200,7,'{"page":"1","page_size":"9999"}','{"code":200,"msg":null,"data":[{"name":"管理员","desc":"管理员角色","updated_at":"2026-01-08 15:02:06","created_at":"2026-01-08 15:02:06","id":1},{"name":"普通用户","desc":"普通用户角色","updated_at":"2026-01-08 15:02:06","created_at":"2026-01-08 15:02:06","id":2}],"total":2,"page":1,"page_size":9999}');
INSERT INTO auditlog VALUES(17,'2026-01-08 16:04:52.985727+08:00','2026-01-08 16:04:52.985733+08:00',1,'admin','用户模块','查看用户列表','GET','/api/v1/user/list',200,9,'{"page":"1","page_size":"10"}','{"code":200,"msg":null,"data":[{"username":"admin","is_superuser":true,"last_login":"2026-01-08 15:22:52","phone":null,"updated_at":"2026-01-08 15:22:52","is_active":true,"email":"admin@admin.com","created_at":"2026-01-08 15:02:06","alias":null,"id":1,"roles":[],"dept":{}}],"total":1,"page":1,"page_size":10}');
INSERT INTO auditlog VALUES(18,'2026-01-08 16:04:53.765686+08:00','2026-01-08 16:04:53.765697+08:00',1,'admin','角色模块','查看角色列表','GET','/api/v1/role/list',200,6,'{"page":"1","page_size":"10"}','{"code":200,"msg":null,"data":[{"name":"管理员","desc":"管理员角色","updated_at":"2026-01-08 15:02:06","created_at":"2026-01-08 15:02:06","id":1},{"name":"普通用户","desc":"普通用户角色","updated_at":"2026-01-08 15:02:06","created_at":"2026-01-08 15:02:06","id":2}],"total":2,"page":1,"page_size":10}');
INSERT INTO auditlog VALUES(19,'2026-01-08 16:04:55.691252+08:00','2026-01-08 16:04:55.691261+08:00',1,'admin','菜单模块','查看菜单列表','GET','/api/v1/menu/list',200,12,'{}','{"code":200,"msg":null,"data":[{"path":"/system","menu_type":"catalog","name":"系统管理","is_hidden":false,"order":1,"component":"Layout","keepalive":false,"icon":"carbon:gui-management","updated_at":"2026-01-08 15:02:06","parent_id":0,"redirect":"/system/user","created_at":"2026-01-08 15:02:06","remark":null,"id":1,"children":[{"path":"user","menu_type":"menu","name":"用户管理","is_hidden":false,"order":1,"component":"/system/user","keepalive":false,"icon":"material-symbols:person-outline-rounded","updated_at":"2026-01-08 15:02:06","parent_id":1,"redirect":null,"created_at":"2026-01-08 15:02:06","remark":null,"id":2,"children":[]},{"path":"role","menu_type":"menu","name":"角色管理","is_hidden":false,"order":2,"component":"/system/role","keepalive":false,"icon":"carbon:user-role","updated_at":"2026-01-08 15:02:06","parent_id":1,"redirect":null,"created_at":"2026-01-08 15:02:06","remark":null,"id":3,"children":[]},{"path":"menu","menu_type":"menu","name":"菜单管理","is_hidden":false,"order":3,"component":"/system/menu","keepalive":false,"icon":"material-symbols:list-alt-outline","updated_at":"2026-01-08 15:02:06","parent_id":1,"redirect":null,"created_at":"2026-01-08 15:02:06","remark":null,"id":4,"children":[]},{"path":"api","menu_type":"menu","name":"API管理","is_hidden":false,"order":4,"component":"/system/api","keepalive":false,"icon":"ant-design:api-outlined","updated_at":"2026-01-08 15:02:06","parent_id":1,"redirect":null,"created_at":"2026-01-08 15:02:06","remark":null,"id":5,"children":[]},{"path":"dept","menu_type":"menu","name":"部门管理","is_hidden":false,"order":5,"component":"/system/dept","keepalive":false,"icon":"mingcute:department-line","updated_at":"2026-01-08 15:02:06","parent_id":1,"redirect":null,"created_at":"2026-01-08 15:02:06","remark":null,"id":6,"children":[]},{"path":"auditlog","menu_type":"menu","name":"审计日志","is_hidden":false,"order":6,"component":"/system/auditlog","keepalive":false,"icon":"ph:clipboard-text-bold","updated_at":"2026-01-08 15:02:06","parent_id":1,"redirect":null,"created_at":"2026-01-08 15:02:06","remark":null,"id":7,"children":[]}]},{"path":"/top-menu","menu_type":"menu","name":"一级菜单","is_hidden":false,"order":2,"component":"/top-menu","keepalive":false,"icon":"material-symbols:featured-play-list-outline","updated_at":"2026-01-08 15:02:06","parent_id":0,"redirect":"","created_at":"2026-01-08 15:02:06","remark":null,"id":8,"children":[]}],"total":2,"page":1,"page_size":10}');
INSERT INTO auditlog VALUES(20,'2026-01-08 16:04:55.704246+08:00','2026-01-08 16:04:55.704255+08:00',1,'admin','菜单模块','查看菜单列表','GET','/api/v1/menu/list',200,9,'{}','{"code":200,"msg":null,"data":[{"path":"/system","menu_type":"catalog","name":"系统管理","is_hidden":false,"order":1,"component":"Layout","keepalive":false,"icon":"carbon:gui-management","updated_at":"2026-01-08 15:02:06","parent_id":0,"redirect":"/system/user","created_at":"2026-01-08 15:02:06","remark":null,"id":1,"children":[{"path":"user","menu_type":"menu","name":"用户管理","is_hidden":false,"order":1,"component":"/system/user","keepalive":false,"icon":"material-symbols:person-outline-rounded","updated_at":"2026-01-08 15:02:06","parent_id":1,"redirect":null,"created_at":"2026-01-08 15:02:06","remark":null,"id":2,"children":[]},{"path":"role","menu_type":"menu","name":"角色管理","is_hidden":false,"order":2,"component":"/system/role","keepalive":false,"icon":"carbon:user-role","updated_at":"2026-01-08 15:02:06","parent_id":1,"redirect":null,"created_at":"2026-01-08 15:02:06","remark":null,"id":3,"children":[]},{"path":"menu","menu_type":"menu","name":"菜单管理","is_hidden":false,"order":3,"component":"/system/menu","keepalive":false,"icon":"material-symbols:list-alt-outline","updated_at":"2026-01-08 15:02:06","parent_id":1,"redirect":null,"created_at":"2026-01-08 15:02:06","remark":null,"id":4,"children":[]},{"path":"api","menu_type":"menu","name":"API管理","is_hidden":false,"order":4,"component":"/system/api","keepalive":false,"icon":"ant-design:api-outlined","updated_at":"2026-01-08 15:02:06","parent_id":1,"redirect":null,"created_at":"2026-01-08 15:02:06","remark":null,"id":5,"children":[]},{"path":"dept","menu_type":"menu","name":"部门管理","is_hidden":false,"order":5,"component":"/system/dept","keepalive":false,"icon":"mingcute:department-line","updated_at":"2026-01-08 15:02:06","parent_id":1,"redirect":null,"created_at":"2026-01-08 15:02:06","remark":null,"id":6,"children":[]},{"path":"auditlog","menu_type":"menu","name":"审计日志","is_hidden":false,"order":6,"component":"/system/auditlog","keepalive":false,"icon":"ph:clipboard-text-bold","updated_at":"2026-01-08 15:02:06","parent_id":1,"redirect":null,"created_at":"2026-01-08 15:02:06","remark":null,"id":7,"children":[]}]},{"path":"/top-menu","menu_type":"menu","name":"一级菜单","is_hidden":false,"order":2,"component":"/top-menu","keepalive":false,"icon":"material-symbols:featured-play-list-outline","updated_at":"2026-01-08 15:02:06","parent_id":0,"redirect":"","created_at":"2026-01-08 15:02:06","remark":null,"id":8,"children":[]}],"total":2,"page":1,"page_size":10}');
INSERT INTO auditlog VALUES(21,'2026-01-08 16:04:56.281713+08:00','2026-01-08 16:04:56.281725+08:00',1,'admin','API模块','查看API列表','GET','/api/v1/api/list',200,4,'{"page":"1","page_size":"10"}','{"code":200,"msg":null,"data":[{"path":"/api/v1/api/list","summary":"查看API列表","tags":"API模块","method":"GET","updated_at":"2026-01-08 15:02:06","created_at":"2026-01-08 15:02:06","id":23},{"path":"/api/v1/api/get","summary":"查看Api","tags":"API模块","method":"GET","updated_at":"2026-01-08 15:02:06","created_at":"2026-01-08 15:02:06","id":24},{"path":"/api/v1/api/create","summary":"创建Api","tags":"API模块","method":"POST","updated_at":"2026-01-08 15:02:06","created_at":"2026-01-08 15:02:06","id":25},{"path":"/api/v1/api/update","summary":"更新Api","tags":"API模块","method":"POST","updated_at":"2026-01-08 15:02:06","created_at":"2026-01-08 15:02:06","id":26},{"path":"/api/v1/api/delete","summary":"删除Api","tags":"API模块","method":"DELETE","updated_at":"2026-01-08 15:02:06","created_at":"2026-01-08 15:02:06","id":27},{"path":"/api/v1/api/refresh","summary":"刷新API列表","tags":"API模块","method":"POST","updated_at":"2026-01-08 15:02:06","created_at":"2026-01-08 15:02:06","id":28},{"path":"/api/v1/base/userinfo","summary":"查看用户信息","tags":"基础模块","method":"GET","updated_at":"2026-01-08 15:02:06","created_at":"2026-01-08 15:02:06","id":1},{"path":"/api/v1/base/usermenu","summary":"查看用户菜单","tags":"基础模块","method":"GET","updated_at":"2026-01-08 15:02:06","created_at":"2026-01-08 15:02:06","id":2},{"path":"/api/v1/base/userapi","summary":"查看用户API","tags":"基础模块","method":"GET","updated_at":"2026-01-08 15:02:06","created_at":"2026-01-08 15:02:06","id":3},{"path":"/api/v1/base/update_password","summary":"修改密码","tags":"基础模块","method":"POST","updated_at":"2026-01-08 15:02:06","created_at":"2026-01-08 15:02:06","id":4}],"total":34,"page":1,"page_size":10}');
INSERT INTO auditlog VALUES(22,'2026-01-08 16:04:56.911344+08:00','2026-01-08 16:04:56.911356+08:00',1,'admin','部门模块','查看部门列表','GET','/api/v1/dept/list',200,2,'{"page":"1","page_size":"10"}','{"code":200,"msg":"OK","data":[]}');
INSERT INTO auditlog VALUES(23,'2026-01-08 16:04:56.911723+08:00','2026-01-08 16:04:56.911729+08:00',1,'admin','部门模块','查看部门列表','GET','/api/v1/dept/list',200,2,'{}','{"code":200,"msg":"OK","data":[]}');
INSERT INTO auditlog VALUES(24,'2026-01-08 16:04:57.685491+08:00','2026-01-08 16:04:57.685513+08:00',1,'admin','部门模块','查看部门列表','GET','/api/v1/dept/list',200,4,'{"page":"1","page_size":"10"}','{"code":200,"msg":"OK","data":[]}');
INSERT INTO auditlog VALUES(25,'2026-01-08 16:04:57.686345+08:00','2026-01-08 16:04:57.686364+08:00',1,'admin','部门模块','查看部门列表','GET','/api/v1/dept/list',200,3,'{}','{"code":200,"msg":"OK","data":[]}');
INSERT INTO auditlog VALUES(26,'2026-01-08 16:04:58.220445+08:00','2026-01-08 16:04:58.220451+08:00',1,'admin','审计日志模块','查看操作日志','GET','/api/v1/auditlog/list',200,7,'{"start_time":"2026-01-08 00:00:00","end_time":"2026-01-08 23:59:59","page":"1","page_size":"10"}','{"code":200,"msg":null,"data":[{"username":"admin","summary":"查看部门列表","module":"部门模块","path":"/api/v1/dept/list","request_args":{},"response_time":3,"id":25,"method":"GET","updated_at":"2026-01-08 16:04:57","status":200,"created_at":"2026-01-08 16:04:57","user_id":1},{"username":"admin","summary":"查看部门列表","module":"部门模块","path":"/api/v1/dept/list","request_args":{"page":"1","page_size":"10"},"response_time":4,"id":24,"method":"GET","updated_at":"2026-01-08 16:04:57","status":200,"created_at":"2026-01-08 16:04:57","user_id":1},{"username":"admin","summary":"查看部门列表","module":"部门模块","path":"/api/v1/dept/list","request_args":{},"response_time":2,"id":23,"method":"GET","updated_at":"2026-01-08 16:04:56","status":200,"created_at":"2026-01-08 16:04:56","user_id":1},{"username":"admin","summary":"查看部门列表","module":"部门模块","path":"/api/v1/dept/list","request_args":{"page":"1","page_size":"10"},"response_time":2,"id":22,"method":"GET","updated_at":"2026-01-08 16:04:56","status":200,"created_at":"2026-01-08 16:04:56","user_id":1},{"username":"admin","summary":"查看API列表","module":"API模块","path":"/api/v1/api/list","request_args":{"page":"1","page_size":"10"},"response_time":4,"id":21,"method":"GET","updated_at":"2026-01-08 16:04:56","status":200,"created_at":"2026-01-08 16:04:56","user_id":1},{"username":"admin","summary":"查看菜单列表","module":"菜单模块","path":"/api/v1/menu/list","request_args":{},"response_time":9,"id":20,"method":"GET","updated_at":"2026-01-08 16:04:55","status":200,"created_at":"2026-01-08 16:04:55","user_id":1},{"username":"admin","summary":"查看菜单列表","module":"菜单模块","path":"/api/v1/menu/list","request_args":{},"response_time":12,"id":19,"method":"GET","updated_at":"2026-01-08 16:04:55","status":200,"created_at":"2026-01-08 16:04:55","user_id":1},{"username":"admin","summary":"查看角色列表","module":"角色模块","path":"/api/v1/role/list","request_args":{"page":"1","page_size":"10"},"response_time":6,"id":18,"method":"GET","updated_at":"2026-01-08 16:04:53","status":200,"created_at":"2026-01-08 16:04:53","user_id":1},{"username":"admin","summary":"查看用户列表","module":"用户模块","path":"/api/v1/user/list","request_args":{"page":"1","page_size":"10"},"response_time":9,"id":17,"method":"GET","updated_at":"2026-01-08 16:04:52","status":200,"created_at":"2026-01-08 16:04:52","user_id":1},{"username":"admin","summary":"查看角色列表","module":"角色模块","path":"/api/v1/role/list","request_args":{"page":"1","page_size":"9999"},"response_time":7,"id":16,"method":"GET","updated_at":"2026-01-08 16:04:52","status":200,"created_at":"2026-01-08 16:04:52","user_id":1}],"total":25,"page":1,"page_size":10}');
INSERT INTO auditlog VALUES(27,'2026-01-08 16:05:08.442501+08:00','2026-01-08 16:05:08.442508+08:00',1,'admin','基础模块','查看用户信息','GET','/api/v1/base/userinfo',200,0,'{}','{"code":200,"msg":"OK","data":{"dept_id":0,"username":"admin","is_superuser":true,"last_login":"2026-01-08 16:05:08","phone":null,"updated_at":"2026-01-08 16:05:08","is_active":true,"email":"admin@admin.com","created_at":"2026-01-08 15:02:06","alias":null,"id":1,"avatar":"https://avatars.githubusercontent.com/u/54677442?v=4"}}');
INSERT INTO auditlog VALUES(28,'2026-01-08 16:05:08.447738+08:00','2026-01-08 16:05:08.447745+08:00',1,'admin','基础模块','查看用户菜单','GET','/api/v1/base/usermenu',200,1,'{}','{"code":200,"msg":"OK","data":[{"path":"/system","menu_type":"catalog","name":"系统管理","is_hidden":false,"order":1,"component":"Layout","keepalive":false,"icon":"carbon:gui-management","updated_at":"2026-01-08 15:02:06","parent_id":0,"redirect":"/system/user","created_at":"2026-01-08 15:02:06","remark":null,"id":1,"children":[{"path":"user","menu_type":"menu","name":"用户管理","is_hidden":false,"order":1,"component":"/system/user","keepalive":false,"icon":"material-symbols:person-outline-rounded","updated_at":"2026-01-08 15:02:06","parent_id":1,"redirect":null,"created_at":"2026-01-08 15:02:06","remark":null,"id":2},{"path":"role","menu_type":"menu","name":"角色管理","is_hidden":false,"order":2,"component":"/system/role","keepalive":false,"icon":"carbon:user-role","updated_at":"2026-01-08 15:02:06","parent_id":1,"redirect":null,"created_at":"2026-01-08 15:02:06","remark":null,"id":3},{"path":"menu","menu_type":"menu","name":"菜单管理","is_hidden":false,"order":3,"component":"/system/menu","keepalive":false,"icon":"material-symbols:list-alt-outline","updated_at":"2026-01-08 15:02:06","parent_id":1,"redirect":null,"created_at":"2026-01-08 15:02:06","remark":null,"id":4},{"path":"api","menu_type":"menu","name":"API管理","is_hidden":false,"order":4,"component":"/system/api","keepalive":false,"icon":"ant-design:api-outlined","updated_at":"2026-01-08 15:02:06","parent_id":1,"redirect":null,"created_at":"2026-01-08 15:02:06","remark":null,"id":5},{"path":"dept","menu_type":"menu","name":"部门管理","is_hidden":false,"order":5,"component":"/system/dept","keepalive":false,"icon":"mingcute:department-line","updated_at":"2026-01-08 15:02:06","parent_id":1,"redirect":null,"created_at":"2026-01-08 15:02:06","remark":null,"id":6},{"path":"auditlog","menu_type":"menu","name":"审计日志","is_hidden":false,"order":6,"component":"/system/auditlog","keepalive":false,"icon":"ph:clipboard-text-bold","updated_at":"2026-01-08 15:02:06","parent_id":1,"redirect":null,"created_at":"2026-01-08 15:02:06","remark":null,"id":7}]},{"path":"/top-menu","menu_type":"menu","name":"一级菜单","is_hidden":false,"order":2,"component":"/top-menu","keepalive":false,"icon":"material-symbols:featured-play-list-outline","updated_at":"2026-01-08 15:02:06","parent_id":0,"redirect":"","created_at":"2026-01-08 15:02:06","remark":null,"id":8,"children":[]}]}');
INSERT INTO auditlog VALUES(29,'2026-01-08 16:05:08.452818+08:00','2026-01-08 16:05:08.452832+08:00',1,'admin','基础模块','查看用户API','GET','/api/v1/base/userapi',200,1,'{}','{"code":200,"msg":"OK","data":["get/api/v1/base/userinfo","get/api/v1/base/usermenu","get/api/v1/base/userapi","post/api/v1/base/update_password","get/api/v1/user/list","get/api/v1/user/get","post/api/v1/user/create","post/api/v1/user/update","delete/api/v1/user/delete","post/api/v1/user/reset_password","get/api/v1/role/list","get/api/v1/role/get","post/api/v1/role/create","post/api/v1/role/update","delete/api/v1/role/delete","get/api/v1/role/authorized","post/api/v1/role/authorized","get/api/v1/menu/list","get/api/v1/menu/get","post/api/v1/menu/create","post/api/v1/menu/update","delete/api/v1/menu/delete","get/api/v1/api/list","get/api/v1/api/get","post/api/v1/api/create","post/api/v1/api/update","delete/api/v1/api/delete","post/api/v1/api/refresh","get/api/v1/dept/list","get/api/v1/dept/get","post/api/v1/dept/create","post/api/v1/dept/update","delete/api/v1/dept/delete","get/api/v1/auditlog/list"]}');
INSERT INTO auditlog VALUES(30,'2026-01-08 16:06:20.378208+08:00','2026-01-08 16:06:20.378223+08:00',1,'admin','部门模块','查看部门列表','GET','/api/v1/dept/list',200,3,'{}','{"code":200,"msg":"OK","data":[]}');
INSERT INTO auditlog VALUES(31,'2026-01-08 16:06:20.378912+08:00','2026-01-08 16:06:20.378918+08:00',1,'admin','角色模块','查看角色列表','GET','/api/v1/role/list',200,5,'{"page":"1","page_size":"9999"}','{"code":200,"msg":null,"data":[{"name":"管理员","desc":"管理员角色","updated_at":"2026-01-08 15:02:06","created_at":"2026-01-08 15:02:06","id":1},{"name":"普通用户","desc":"普通用户角色","updated_at":"2026-01-08 15:02:06","created_at":"2026-01-08 15:02:06","id":2}],"total":2,"page":1,"page_size":9999}');
INSERT INTO auditlog VALUES(32,'2026-01-08 16:06:20.380007+08:00','2026-01-08 16:06:20.380013+08:00',1,'admin','用户模块','查看用户列表','GET','/api/v1/user/list',200,7,'{"page":"1","page_size":"10"}','{"code":200,"msg":null,"data":[{"username":"admin","is_superuser":true,"last_login":"2026-01-08 16:05:08","phone":null,"updated_at":"2026-01-08 16:05:08","is_active":true,"email":"admin@admin.com","created_at":"2026-01-08 15:02:06","alias":null,"id":1,"roles":[],"dept":{}}],"total":1,"page":1,"page_size":10}');
INSERT INTO auditlog VALUES(33,'2026-01-08 16:07:18.884064+08:00','2026-01-08 16:07:18.884071+08:00',1,'admin','用户模块','创建用户','POST','/api/v1/user/create',200,62,'{"username":"测试用户","email":"liuwf@beukay.com","password":"Centos1234","confirmPassword":"Centos1234","role_ids":[1]}','{"code":200,"msg":"Created Successfully","data":null}');
INSERT INTO auditlog VALUES(34,'2026-01-08 16:07:18.903364+08:00','2026-01-08 16:07:18.903371+08:00',1,'admin','用户模块','查看用户列表','GET','/api/v1/user/list',200,2,'{"page":"1","page_size":"10"}','{"code":200,"msg":null,"data":[{"username":"admin","is_superuser":true,"last_login":"2026-01-08 16:05:08","phone":null,"updated_at":"2026-01-08 16:05:08","is_active":true,"email":"admin@admin.com","created_at":"2026-01-08 15:02:06","alias":null,"id":1,"roles":[],"dept":{}},{"username":"测试用户","is_superuser":false,"last_login":null,"phone":null,"updated_at":"2026-01-08 16:07:18","is_active":true,"email":"liuwf@beukay.com","created_at":"2026-01-08 16:07:18","alias":null,"id":2,"roles":[{"id":1,"created_at":"2026-01-08 15:02:06","updated_at":"2026-01-08 15:02:06","name":"管理员","desc":"管理员角色"}],"dept":{}}],"total":2,"page":1,"page_size":10}');
INSERT INTO auditlog VALUES(35,'2026-01-08 16:07:21.763213+08:00','2026-01-08 16:07:21.763232+08:00',1,'admin','基础模块','查看用户信息','GET','/api/v1/base/userinfo',200,2,'{}','{"code":200,"msg":"OK","data":{"dept_id":0,"username":"admin","is_superuser":true,"last_login":"2026-01-08 16:05:08","phone":null,"updated_at":"2026-01-08 16:05:08","is_active":true,"email":"admin@admin.com","created_at":"2026-01-08 15:02:06","alias":null,"id":1,"avatar":"https://avatars.githubusercontent.com/u/54677442?v=4"}}');
INSERT INTO auditlog VALUES(36,'2026-01-08 16:07:21.769960+08:00','2026-01-08 16:07:21.769967+08:00',1,'admin','基础模块','查看用户菜单','GET','/api/v1/base/usermenu',200,2,'{}','{"code":200,"msg":"OK","data":[{"path":"/system","menu_type":"catalog","name":"系统管理","is_hidden":false,"order":1,"component":"Layout","keepalive":false,"icon":"carbon:gui-management","updated_at":"2026-01-08 15:02:06","parent_id":0,"redirect":"/system/user","created_at":"2026-01-08 15:02:06","remark":null,"id":1,"children":[{"path":"user","menu_type":"menu","name":"用户管理","is_hidden":false,"order":1,"component":"/system/user","keepalive":false,"icon":"material-symbols:person-outline-rounded","updated_at":"2026-01-08 15:02:06","parent_id":1,"redirect":null,"created_at":"2026-01-08 15:02:06","remark":null,"id":2},{"path":"role","menu_type":"menu","name":"角色管理","is_hidden":false,"order":2,"component":"/system/role","keepalive":false,"icon":"carbon:user-role","updated_at":"2026-01-08 15:02:06","parent_id":1,"redirect":null,"created_at":"2026-01-08 15:02:06","remark":null,"id":3},{"path":"menu","menu_type":"menu","name":"菜单管理","is_hidden":false,"order":3,"component":"/system/menu","keepalive":false,"icon":"material-symbols:list-alt-outline","updated_at":"2026-01-08 15:02:06","parent_id":1,"redirect":null,"created_at":"2026-01-08 15:02:06","remark":null,"id":4},{"path":"api","menu_type":"menu","name":"API管理","is_hidden":false,"order":4,"component":"/system/api","keepalive":false,"icon":"ant-design:api-outlined","updated_at":"2026-01-08 15:02:06","parent_id":1,"redirect":null,"created_at":"2026-01-08 15:02:06","remark":null,"id":5},{"path":"dept","menu_type":"menu","name":"部门管理","is_hidden":false,"order":5,"component":"/system/dept","keepalive":false,"icon":"mingcute:department-line","updated_at":"2026-01-08 15:02:06","parent_id":1,"redirect":null,"created_at":"2026-01-08 15:02:06","remark":null,"id":6},{"path":"auditlog","menu_type":"menu","name":"审计日志","is_hidden":false,"order":6,"component":"/system/auditlog","keepalive":false,"icon":"ph:clipboard-text-bold","updated_at":"2026-01-08 15:02:06","parent_id":1,"redirect":null,"created_at":"2026-01-08 15:02:06","remark":null,"id":7}]},{"path":"/top-menu","menu_type":"menu","name":"一级菜单","is_hidden":false,"order":2,"component":"/top-menu","keepalive":false,"icon":"material-symbols:featured-play-list-outline","updated_at":"2026-01-08 15:02:06","parent_id":0,"redirect":"","created_at":"2026-01-08 15:02:06","remark":null,"id":8,"children":[]}]}');
INSERT INTO auditlog VALUES(37,'2026-01-08 16:07:21.773975+08:00','2026-01-08 16:07:21.773981+08:00',1,'admin','基础模块','查看用户API','GET','/api/v1/base/userapi',200,1,'{}','{"code":200,"msg":"OK","data":["get/api/v1/base/userinfo","get/api/v1/base/usermenu","get/api/v1/base/userapi","post/api/v1/base/update_password","get/api/v1/user/list","get/api/v1/user/get","post/api/v1/user/create","post/api/v1/user/update","delete/api/v1/user/delete","post/api/v1/user/reset_password","get/api/v1/role/list","get/api/v1/role/get","post/api/v1/role/create","post/api/v1/role/update","delete/api/v1/role/delete","get/api/v1/role/authorized","post/api/v1/role/authorized","get/api/v1/menu/list","get/api/v1/menu/get","post/api/v1/menu/create","post/api/v1/menu/update","delete/api/v1/menu/delete","get/api/v1/api/list","get/api/v1/api/get","post/api/v1/api/create","post/api/v1/api/update","delete/api/v1/api/delete","post/api/v1/api/refresh","get/api/v1/dept/list","get/api/v1/dept/get","post/api/v1/dept/create","post/api/v1/dept/update","delete/api/v1/dept/delete","get/api/v1/auditlog/list"]}');
INSERT INTO auditlog VALUES(38,'2026-01-08 16:07:21.865800+08:00','2026-01-08 16:07:21.865809+08:00',1,'admin','部门模块','查看部门列表','GET','/api/v1/dept/list',200,5,'{}','{"code":200,"msg":"OK","data":[]}');
INSERT INTO auditlog VALUES(39,'2026-01-08 16:07:21.866419+08:00','2026-01-08 16:07:21.866430+08:00',1,'admin','角色模块','查看角色列表','GET','/api/v1/role/list',200,7,'{"page":"1","page_size":"9999"}','{"code":200,"msg":null,"data":[{"name":"管理员","desc":"管理员角色","updated_at":"2026-01-08 15:02:06","created_at":"2026-01-08 15:02:06","id":1},{"name":"普通用户","desc":"普通用户角色","updated_at":"2026-01-08 15:02:06","created_at":"2026-01-08 15:02:06","id":2}],"total":2,"page":1,"page_size":9999}');
INSERT INTO auditlog VALUES(40,'2026-01-08 16:07:21.869174+08:00','2026-01-08 16:07:21.869200+08:00',1,'admin','用户模块','查看用户列表','GET','/api/v1/user/list',200,11,'{"page":"1","page_size":"10"}','{"code":200,"msg":null,"data":[{"username":"admin","is_superuser":true,"last_login":"2026-01-08 16:05:08","phone":null,"updated_at":"2026-01-08 16:05:08","is_active":true,"email":"admin@admin.com","created_at":"2026-01-08 15:02:06","alias":null,"id":1,"roles":[],"dept":{}},{"username":"测试用户","is_superuser":false,"last_login":null,"phone":null,"updated_at":"2026-01-08 16:07:18","is_active":true,"email":"liuwf@beukay.com","created_at":"2026-01-08 16:07:18","alias":null,"id":2,"roles":[{"id":1,"created_at":"2026-01-08 15:02:06","updated_at":"2026-01-08 15:02:06","name":"管理员","desc":"管理员角色"}],"dept":{}}],"total":2,"page":1,"page_size":10}');
INSERT INTO auditlog VALUES(41,'2026-01-08 17:01:40.819859+08:00','2026-01-08 17:01:40.819878+08:00',1,'admin','角色模块','查看角色列表','GET','/api/v1/role/list',200,11,'{"page":"1","page_size":"10"}','{"code":200,"msg":null,"data":[{"name":"管理员","desc":"管理员角色","updated_at":"2026-01-08 15:02:06","created_at":"2026-01-08 15:02:06","id":1},{"name":"普通用户","desc":"普通用户角色","updated_at":"2026-01-08 15:02:06","created_at":"2026-01-08 15:02:06","id":2}],"total":2,"page":1,"page_size":10}');
INSERT INTO auditlog VALUES(42,'2026-01-08 17:01:42.313512+08:00','2026-01-08 17:01:42.313520+08:00',1,'admin','部门模块','查看部门列表','GET','/api/v1/dept/list',200,6,'{}','{"code":200,"msg":"OK","data":[]}');
INSERT INTO auditlog VALUES(43,'2026-01-08 17:01:42.314174+08:00','2026-01-08 17:01:42.314179+08:00',1,'admin','角色模块','查看角色列表','GET','/api/v1/role/list',200,11,'{"page":"1","page_size":"9999"}','{"code":200,"msg":null,"data":[{"name":"管理员","desc":"管理员角色","updated_at":"2026-01-08 15:02:06","created_at":"2026-01-08 15:02:06","id":1},{"name":"普通用户","desc":"普通用户角色","updated_at":"2026-01-08 15:02:06","created_at":"2026-01-08 15:02:06","id":2}],"total":2,"page":1,"page_size":9999}');
INSERT INTO auditlog VALUES(44,'2026-01-08 17:01:42.317174+08:00','2026-01-08 17:01:42.317182+08:00',1,'admin','用户模块','查看用户列表','GET','/api/v1/user/list',200,17,'{"page":"1","page_size":"10"}','{"code":200,"msg":null,"data":[{"username":"admin","is_superuser":true,"last_login":"2026-01-08 16:05:08","phone":null,"updated_at":"2026-01-08 16:05:08","is_active":true,"email":"admin@admin.com","created_at":"2026-01-08 15:02:06","alias":null,"id":1,"roles":[],"dept":{}},{"username":"测试用户","is_superuser":false,"last_login":null,"phone":null,"updated_at":"2026-01-08 16:07:18","is_active":true,"email":"liuwf@beukay.com","created_at":"2026-01-08 16:07:18","alias":null,"id":2,"roles":[{"id":1,"created_at":"2026-01-08 15:02:06","updated_at":"2026-01-08 15:02:06","name":"管理员","desc":"管理员角色"}],"dept":{}}],"total":2,"page":1,"page_size":10}');
INSERT INTO auditlog VALUES(45,'2026-01-08 17:01:43.854448+08:00','2026-01-08 17:01:43.854459+08:00',1,'admin','角色模块','查看角色列表','GET','/api/v1/role/list',200,5,'{"page":"1","page_size":"10"}','{"code":200,"msg":null,"data":[{"name":"管理员","desc":"管理员角色","updated_at":"2026-01-08 15:02:06","created_at":"2026-01-08 15:02:06","id":1},{"name":"普通用户","desc":"普通用户角色","updated_at":"2026-01-08 15:02:06","created_at":"2026-01-08 15:02:06","id":2}],"total":2,"page":1,"page_size":10}');
INSERT INTO auditlog VALUES(46,'2026-01-08 17:01:44.471319+08:00','2026-01-08 17:01:44.471328+08:00',1,'admin','菜单模块','查看菜单列表','GET','/api/v1/menu/list',200,7,'{}','{"code":200,"msg":null,"data":[{"path":"/system","menu_type":"catalog","name":"系统管理","is_hidden":false,"order":1,"component":"Layout","keepalive":false,"icon":"carbon:gui-management","updated_at":"2026-01-08 15:02:06","parent_id":0,"redirect":"/system/user","created_at":"2026-01-08 15:02:06","remark":null,"id":1,"children":[{"path":"user","menu_type":"menu","name":"用户管理","is_hidden":false,"order":1,"component":"/system/user","keepalive":false,"icon":"material-symbols:person-outline-rounded","updated_at":"2026-01-08 15:02:06","parent_id":1,"redirect":null,"created_at":"2026-01-08 15:02:06","remark":null,"id":2,"children":[]},{"path":"role","menu_type":"menu","name":"角色管理","is_hidden":false,"order":2,"component":"/system/role","keepalive":false,"icon":"carbon:user-role","updated_at":"2026-01-08 15:02:06","parent_id":1,"redirect":null,"created_at":"2026-01-08 15:02:06","remark":null,"id":3,"children":[]},{"path":"menu","menu_type":"menu","name":"菜单管理","is_hidden":false,"order":3,"component":"/system/menu","keepalive":false,"icon":"material-symbols:list-alt-outline","updated_at":"2026-01-08 15:02:06","parent_id":1,"redirect":null,"created_at":"2026-01-08 15:02:06","remark":null,"id":4,"children":[]},{"path":"api","menu_type":"menu","name":"API管理","is_hidden":false,"order":4,"component":"/system/api","keepalive":false,"icon":"ant-design:api-outlined","updated_at":"2026-01-08 15:02:06","parent_id":1,"redirect":null,"created_at":"2026-01-08 15:02:06","remark":null,"id":5,"children":[]},{"path":"dept","menu_type":"menu","name":"部门管理","is_hidden":false,"order":5,"component":"/system/dept","keepalive":false,"icon":"mingcute:department-line","updated_at":"2026-01-08 15:02:06","parent_id":1,"redirect":null,"created_at":"2026-01-08 15:02:06","remark":null,"id":6,"children":[]},{"path":"auditlog","menu_type":"menu","name":"审计日志","is_hidden":false,"order":6,"component":"/system/auditlog","keepalive":false,"icon":"ph:clipboard-text-bold","updated_at":"2026-01-08 15:02:06","parent_id":1,"redirect":null,"created_at":"2026-01-08 15:02:06","remark":null,"id":7,"children":[]}]},{"path":"/top-menu","menu_type":"menu","name":"一级菜单","is_hidden":false,"order":2,"component":"/top-menu","keepalive":false,"icon":"material-symbols:featured-play-list-outline","updated_at":"2026-01-08 15:02:06","parent_id":0,"redirect":"","created_at":"2026-01-08 15:02:06","remark":null,"id":8,"children":[]}],"total":2,"page":1,"page_size":10}');
INSERT INTO auditlog VALUES(47,'2026-01-08 17:01:44.480682+08:00','2026-01-08 17:01:44.480691+08:00',1,'admin','菜单模块','查看菜单列表','GET','/api/v1/menu/list',200,4,'{}','{"code":200,"msg":null,"data":[{"path":"/system","menu_type":"catalog","name":"系统管理","is_hidden":false,"order":1,"component":"Layout","keepalive":false,"icon":"carbon:gui-management","updated_at":"2026-01-08 15:02:06","parent_id":0,"redirect":"/system/user","created_at":"2026-01-08 15:02:06","remark":null,"id":1,"children":[{"path":"user","menu_type":"menu","name":"用户管理","is_hidden":false,"order":1,"component":"/system/user","keepalive":false,"icon":"material-symbols:person-outline-rounded","updated_at":"2026-01-08 15:02:06","parent_id":1,"redirect":null,"created_at":"2026-01-08 15:02:06","remark":null,"id":2,"children":[]},{"path":"role","menu_type":"menu","name":"角色管理","is_hidden":false,"order":2,"component":"/system/role","keepalive":false,"icon":"carbon:user-role","updated_at":"2026-01-08 15:02:06","parent_id":1,"redirect":null,"created_at":"2026-01-08 15:02:06","remark":null,"id":3,"children":[]},{"path":"menu","menu_type":"menu","name":"菜单管理","is_hidden":false,"order":3,"component":"/system/menu","keepalive":false,"icon":"material-symbols:list-alt-outline","updated_at":"2026-01-08 15:02:06","parent_id":1,"redirect":null,"created_at":"2026-01-08 15:02:06","remark":null,"id":4,"children":[]},{"path":"api","menu_type":"menu","name":"API管理","is_hidden":false,"order":4,"component":"/system/api","keepalive":false,"icon":"ant-design:api-outlined","updated_at":"2026-01-08 15:02:06","parent_id":1,"redirect":null,"created_at":"2026-01-08 15:02:06","remark":null,"id":5,"children":[]},{"path":"dept","menu_type":"menu","name":"部门管理","is_hidden":false,"order":5,"component":"/system/dept","keepalive":false,"icon":"mingcute:department-line","updated_at":"2026-01-08 15:02:06","parent_id":1,"redirect":null,"created_at":"2026-01-08 15:02:06","remark":null,"id":6,"children":[]},{"path":"auditlog","menu_type":"menu","name":"审计日志","is_hidden":false,"order":6,"component":"/system/auditlog","keepalive":false,"icon":"ph:clipboard-text-bold","updated_at":"2026-01-08 15:02:06","parent_id":1,"redirect":null,"created_at":"2026-01-08 15:02:06","remark":null,"id":7,"children":[]}]},{"path":"/top-menu","menu_type":"menu","name":"一级菜单","is_hidden":false,"order":2,"component":"/top-menu","keepalive":false,"icon":"material-symbols:featured-play-list-outline","updated_at":"2026-01-08 15:02:06","parent_id":0,"redirect":"","created_at":"2026-01-08 15:02:06","remark":null,"id":8,"children":[]}],"total":2,"page":1,"page_size":10}');
INSERT INTO auditlog VALUES(48,'2026-01-08 17:01:52.438251+08:00','2026-01-08 17:01:52.438260+08:00',1,'admin','部门模块','查看部门列表','GET','/api/v1/dept/list',200,5,'{}','{"code":200,"msg":"OK","data":[]}');
INSERT INTO auditlog VALUES(49,'2026-01-08 17:01:52.438925+08:00','2026-01-08 17:01:52.438931+08:00',1,'admin','角色模块','查看角色列表','GET','/api/v1/role/list',200,7,'{"page":"1","page_size":"9999"}','{"code":200,"msg":null,"data":[{"name":"管理员","desc":"管理员角色","updated_at":"2026-01-08 15:02:06","created_at":"2026-01-08 15:02:06","id":1},{"name":"普通用户","desc":"普通用户角色","updated_at":"2026-01-08 15:02:06","created_at":"2026-01-08 15:02:06","id":2}],"total":2,"page":1,"page_size":9999}');
INSERT INTO auditlog VALUES(50,'2026-01-08 17:01:52.443172+08:00','2026-01-08 17:01:52.443190+08:00',1,'admin','用户模块','查看用户列表','GET','/api/v1/user/list',200,12,'{"page":"1","page_size":"10"}','{"code":200,"msg":null,"data":[{"username":"admin","is_superuser":true,"last_login":"2026-01-08 16:05:08","phone":null,"updated_at":"2026-01-08 16:05:08","is_active":true,"email":"admin@admin.com","created_at":"2026-01-08 15:02:06","alias":null,"id":1,"roles":[],"dept":{}},{"username":"测试用户","is_superuser":false,"last_login":null,"phone":null,"updated_at":"2026-01-08 16:07:18","is_active":true,"email":"liuwf@beukay.com","created_at":"2026-01-08 16:07:18","alias":null,"id":2,"roles":[{"id":1,"created_at":"2026-01-08 15:02:06","updated_at":"2026-01-08 15:02:06","name":"管理员","desc":"管理员角色"}],"dept":{}}],"total":2,"page":1,"page_size":10}');
INSERT INTO auditlog VALUES(51,'2026-01-08 17:01:53.020087+08:00','2026-01-08 17:01:53.020095+08:00',1,'admin','角色模块','查看角色列表','GET','/api/v1/role/list',200,5,'{"page":"1","page_size":"10"}','{"code":200,"msg":null,"data":[{"name":"管理员","desc":"管理员角色","updated_at":"2026-01-08 15:02:06","created_at":"2026-01-08 15:02:06","id":1},{"name":"普通用户","desc":"普通用户角色","updated_at":"2026-01-08 15:02:06","created_at":"2026-01-08 15:02:06","id":2}],"total":2,"page":1,"page_size":10}');
INSERT INTO auditlog VALUES(52,'2026-01-08 17:01:53.659744+08:00','2026-01-08 17:01:53.659755+08:00',1,'admin','菜单模块','查看菜单列表','GET','/api/v1/menu/list',200,13,'{}','{"code":200,"msg":null,"data":[{"path":"/system","menu_type":"catalog","name":"系统管理","is_hidden":false,"order":1,"component":"Layout","keepalive":false,"icon":"carbon:gui-management","updated_at":"2026-01-08 15:02:06","parent_id":0,"redirect":"/system/user","created_at":"2026-01-08 15:02:06","remark":null,"id":1,"children":[{"path":"user","menu_type":"menu","name":"用户管理","is_hidden":false,"order":1,"component":"/system/user","keepalive":false,"icon":"material-symbols:person-outline-rounded","updated_at":"2026-01-08 15:02:06","parent_id":1,"redirect":null,"created_at":"2026-01-08 15:02:06","remark":null,"id":2,"children":[]},{"path":"role","menu_type":"menu","name":"角色管理","is_hidden":false,"order":2,"component":"/system/role","keepalive":false,"icon":"carbon:user-role","updated_at":"2026-01-08 15:02:06","parent_id":1,"redirect":null,"created_at":"2026-01-08 15:02:06","remark":null,"id":3,"children":[]},{"path":"menu","menu_type":"menu","name":"菜单管理","is_hidden":false,"order":3,"component":"/system/menu","keepalive":false,"icon":"material-symbols:list-alt-outline","updated_at":"2026-01-08 15:02:06","parent_id":1,"redirect":null,"created_at":"2026-01-08 15:02:06","remark":null,"id":4,"children":[]},{"path":"api","menu_type":"menu","name":"API管理","is_hidden":false,"order":4,"component":"/system/api","keepalive":false,"icon":"ant-design:api-outlined","updated_at":"2026-01-08 15:02:06","parent_id":1,"redirect":null,"created_at":"2026-01-08 15:02:06","remark":null,"id":5,"children":[]},{"path":"dept","menu_type":"menu","name":"部门管理","is_hidden":false,"order":5,"component":"/system/dept","keepalive":false,"icon":"mingcute:department-line","updated_at":"2026-01-08 15:02:06","parent_id":1,"redirect":null,"created_at":"2026-01-08 15:02:06","remark":null,"id":6,"children":[]},{"path":"auditlog","menu_type":"menu","name":"审计日志","is_hidden":false,"order":6,"component":"/system/auditlog","keepalive":false,"icon":"ph:clipboard-text-bold","updated_at":"2026-01-08 15:02:06","parent_id":1,"redirect":null,"created_at":"2026-01-08 15:02:06","remark":null,"id":7,"children":[]}]},{"path":"/top-menu","menu_type":"menu","name":"一级菜单","is_hidden":false,"order":2,"component":"/top-menu","keepalive":false,"icon":"material-symbols:featured-play-list-outline","updated_at":"2026-01-08 15:02:06","parent_id":0,"redirect":"","created_at":"2026-01-08 15:02:06","remark":null,"id":8,"children":[]}],"total":2,"page":1,"page_size":10}');
INSERT INTO auditlog VALUES(53,'2026-01-08 17:01:53.682657+08:00','2026-01-08 17:01:53.682706+08:00',1,'admin','菜单模块','查看菜单列表','GET','/api/v1/menu/list',200,14,'{}','{"code":200,"msg":null,"data":[{"path":"/system","menu_type":"catalog","name":"系统管理","is_hidden":false,"order":1,"component":"Layout","keepalive":false,"icon":"carbon:gui-management","updated_at":"2026-01-08 15:02:06","parent_id":0,"redirect":"/system/user","created_at":"2026-01-08 15:02:06","remark":null,"id":1,"children":[{"path":"user","menu_type":"menu","name":"用户管理","is_hidden":false,"order":1,"component":"/system/user","keepalive":false,"icon":"material-symbols:person-outline-rounded","updated_at":"2026-01-08 15:02:06","parent_id":1,"redirect":null,"created_at":"2026-01-08 15:02:06","remark":null,"id":2,"children":[]},{"path":"role","menu_type":"menu","name":"角色管理","is_hidden":false,"order":2,"component":"/system/role","keepalive":false,"icon":"carbon:user-role","updated_at":"2026-01-08 15:02:06","parent_id":1,"redirect":null,"created_at":"2026-01-08 15:02:06","remark":null,"id":3,"children":[]},{"path":"menu","menu_type":"menu","name":"菜单管理","is_hidden":false,"order":3,"component":"/system/menu","keepalive":false,"icon":"material-symbols:list-alt-outline","updated_at":"2026-01-08 15:02:06","parent_id":1,"redirect":null,"created_at":"2026-01-08 15:02:06","remark":null,"id":4,"children":[]},{"path":"api","menu_type":"menu","name":"API管理","is_hidden":false,"order":4,"component":"/system/api","keepalive":false,"icon":"ant-design:api-outlined","updated_at":"2026-01-08 15:02:06","parent_id":1,"redirect":null,"created_at":"2026-01-08 15:02:06","remark":null,"id":5,"children":[]},{"path":"dept","menu_type":"menu","name":"部门管理","is_hidden":false,"order":5,"component":"/system/dept","keepalive":false,"icon":"mingcute:department-line","updated_at":"2026-01-08 15:02:06","parent_id":1,"redirect":null,"created_at":"2026-01-08 15:02:06","remark":null,"id":6,"children":[]},{"path":"auditlog","menu_type":"menu","name":"审计日志","is_hidden":false,"order":6,"component":"/system/auditlog","keepalive":false,"icon":"ph:clipboard-text-bold","updated_at":"2026-01-08 15:02:06","parent_id":1,"redirect":null,"created_at":"2026-01-08 15:02:06","remark":null,"id":7,"children":[]}]},{"path":"/top-menu","menu_type":"menu","name":"一级菜单","is_hidden":false,"order":2,"component":"/top-menu","keepalive":false,"icon":"material-symbols:featured-play-list-outline","updated_at":"2026-01-08 15:02:06","parent_id":0,"redirect":"","created_at":"2026-01-08 15:02:06","remark":null,"id":8,"children":[]}],"total":2,"page":1,"page_size":10}');
INSERT INTO auditlog VALUES(54,'2026-01-08 18:20:40.676009+08:00','2026-01-08 18:20:40.676018+08:00',1,'admin','部门模块','查看部门列表','GET','/api/v1/dept/list',200,59,'{}','{"code":200,"msg":"OK","data":[]}');
INSERT INTO auditlog VALUES(55,'2026-01-08 18:20:40.676530+08:00','2026-01-08 18:20:40.676545+08:00',1,'admin','角色模块','查看角色列表','GET','/api/v1/role/list',200,61,'{"page":"1","page_size":"9999"}','{"code":200,"msg":null,"data":[{"created_at":"2026-01-08 15:02:06","updated_at":"2026-01-08 15:02:06","name":"管理员","desc":"管理员角色","id":1},{"created_at":"2026-01-08 15:02:06","updated_at":"2026-01-08 15:02:06","name":"普通用户","desc":"普通用户角色","id":2}],"total":2,"page":1,"page_size":9999}');
INSERT INTO auditlog VALUES(56,'2026-01-08 18:20:40.679764+08:00','2026-01-08 18:20:40.679778+08:00',1,'admin','用户模块','查看用户列表','GET','/api/v1/user/list',200,65,'{"page":"1","page_size":"10"}','{"code":200,"msg":null,"data":[{"last_login":"2026-01-08 16:05:08","created_at":"2026-01-08 15:02:06","updated_at":"2026-01-08 16:05:08","phone":null,"is_superuser":true,"username":"admin","alias":null,"id":1,"email":"admin@admin.com","is_active":true,"roles":[],"dept":{}},{"last_login":null,"created_at":"2026-01-08 16:07:18","updated_at":"2026-01-08 16:07:18","phone":null,"is_superuser":false,"username":"测试用户","alias":null,"id":2,"email":"liuwf@beukay.com","is_active":true,"roles":[{"id":1,"created_at":"2026-01-08 15:02:06","updated_at":"2026-01-08 15:02:06","name":"管理员","desc":"管理员角色"}],"dept":{}}],"total":2,"page":1,"page_size":10}');
INSERT INTO auditlog VALUES(57,'2026-01-08 18:20:42.502478+08:00','2026-01-08 18:20:42.502491+08:00',1,'admin','角色模块','查看角色列表','GET','/api/v1/role/list',200,4,'{"page":"1","page_size":"10"}','{"code":200,"msg":null,"data":[{"created_at":"2026-01-08 15:02:06","updated_at":"2026-01-08 15:02:06","name":"管理员","desc":"管理员角色","id":1},{"created_at":"2026-01-08 15:02:06","updated_at":"2026-01-08 15:02:06","name":"普通用户","desc":"普通用户角色","id":2}],"total":2,"page":1,"page_size":10}');
INSERT INTO auditlog VALUES(58,'2026-01-08 18:20:46.849428+08:00','2026-01-08 18:20:46.849436+08:00',1,'admin','菜单模块','查看菜单列表','GET','/api/v1/menu/list',200,7,'{}','{"code":200,"msg":null,"data":[{"menu_type":"catalog","icon":"carbon:gui-management","is_hidden":false,"keepalive":false,"created_at":"2026-01-08 15:02:06","path":"/system","updated_at":"2026-01-08 15:02:06","order":1,"parent_id":0,"name":"系统管理","component":"Layout","id":1,"redirect":"/system/user","remark":null,"children":[{"menu_type":"menu","icon":"material-symbols:person-outline-rounded","is_hidden":false,"keepalive":false,"created_at":"2026-01-08 15:02:06","path":"user","updated_at":"2026-01-08 15:02:06","order":1,"parent_id":1,"name":"用户管理","component":"/system/user","id":2,"redirect":null,"remark":null,"children":[]},{"menu_type":"menu","icon":"carbon:user-role","is_hidden":false,"keepalive":false,"created_at":"2026-01-08 15:02:06","path":"role","updated_at":"2026-01-08 15:02:06","order":2,"parent_id":1,"name":"角色管理","component":"/system/role","id":3,"redirect":null,"remark":null,"children":[]},{"menu_type":"menu","icon":"material-symbols:list-alt-outline","is_hidden":false,"keepalive":false,"created_at":"2026-01-08 15:02:06","path":"menu","updated_at":"2026-01-08 15:02:06","order":3,"parent_id":1,"name":"菜单管理","component":"/system/menu","id":4,"redirect":null,"remark":null,"children":[]},{"menu_type":"menu","icon":"ant-design:api-outlined","is_hidden":false,"keepalive":false,"created_at":"2026-01-08 15:02:06","path":"api","updated_at":"2026-01-08 15:02:06","order":4,"parent_id":1,"name":"API管理","component":"/system/api","id":5,"redirect":null,"remark":null,"children":[]},{"menu_type":"menu","icon":"mingcute:department-line","is_hidden":false,"keepalive":false,"created_at":"2026-01-08 15:02:06","path":"dept","updated_at":"2026-01-08 15:02:06","order":5,"parent_id":1,"name":"部门管理","component":"/system/dept","id":6,"redirect":null,"remark":null,"children":[]},{"menu_type":"menu","icon":"ph:clipboard-text-bold","is_hidden":false,"keepalive":false,"created_at":"2026-01-08 15:02:06","path":"auditlog","updated_at":"2026-01-08 15:02:06","order":6,"parent_id":1,"name":"审计日志","component":"/system/auditlog","id":7,"redirect":null,"remark":null,"children":[]}]},{"menu_type":"menu","icon":"material-symbols:featured-play-list-outline","is_hidden":false,"keepalive":false,"created_at":"2026-01-08 15:02:06","path":"/top-menu","updated_at":"2026-01-08 15:02:06","order":2,"parent_id":0,"name":"一级菜单","component":"/top-menu","id":8,"redirect":"","remark":null,"children":[]}],"total":2,"page":1,"page_size":10}');
INSERT INTO auditlog VALUES(59,'2026-01-08 18:20:46.858836+08:00','2026-01-08 18:20:46.858842+08:00',1,'admin','菜单模块','查看菜单列表','GET','/api/v1/menu/list',200,4,'{}','{"code":200,"msg":null,"data":[{"menu_type":"catalog","icon":"carbon:gui-management","is_hidden":false,"keepalive":false,"created_at":"2026-01-08 15:02:06","path":"/system","updated_at":"2026-01-08 15:02:06","order":1,"parent_id":0,"name":"系统管理","component":"Layout","id":1,"redirect":"/system/user","remark":null,"children":[{"menu_type":"menu","icon":"material-symbols:person-outline-rounded","is_hidden":false,"keepalive":false,"created_at":"2026-01-08 15:02:06","path":"user","updated_at":"2026-01-08 15:02:06","order":1,"parent_id":1,"name":"用户管理","component":"/system/user","id":2,"redirect":null,"remark":null,"children":[]},{"menu_type":"menu","icon":"carbon:user-role","is_hidden":false,"keepalive":false,"created_at":"2026-01-08 15:02:06","path":"role","updated_at":"2026-01-08 15:02:06","order":2,"parent_id":1,"name":"角色管理","component":"/system/role","id":3,"redirect":null,"remark":null,"children":[]},{"menu_type":"menu","icon":"material-symbols:list-alt-outline","is_hidden":false,"keepalive":false,"created_at":"2026-01-08 15:02:06","path":"menu","updated_at":"2026-01-08 15:02:06","order":3,"parent_id":1,"name":"菜单管理","component":"/system/menu","id":4,"redirect":null,"remark":null,"children":[]},{"menu_type":"menu","icon":"ant-design:api-outlined","is_hidden":false,"keepalive":false,"created_at":"2026-01-08 15:02:06","path":"api","updated_at":"2026-01-08 15:02:06","order":4,"parent_id":1,"name":"API管理","component":"/system/api","id":5,"redirect":null,"remark":null,"children":[]},{"menu_type":"menu","icon":"mingcute:department-line","is_hidden":false,"keepalive":false,"created_at":"2026-01-08 15:02:06","path":"dept","updated_at":"2026-01-08 15:02:06","order":5,"parent_id":1,"name":"部门管理","component":"/system/dept","id":6,"redirect":null,"remark":null,"children":[]},{"menu_type":"menu","icon":"ph:clipboard-text-bold","is_hidden":false,"keepalive":false,"created_at":"2026-01-08 15:02:06","path":"auditlog","updated_at":"2026-01-08 15:02:06","order":6,"parent_id":1,"name":"审计日志","component":"/system/auditlog","id":7,"redirect":null,"remark":null,"children":[]}]},{"menu_type":"menu","icon":"material-symbols:featured-play-list-outline","is_hidden":false,"keepalive":false,"created_at":"2026-01-08 15:02:06","path":"/top-menu","updated_at":"2026-01-08 15:02:06","order":2,"parent_id":0,"name":"一级菜单","component":"/top-menu","id":8,"redirect":"","remark":null,"children":[]}],"total":2,"page":1,"page_size":10}');
INSERT INTO auditlog VALUES(60,'2026-01-08 18:20:49.421526+08:00','2026-01-08 18:20:49.421546+08:00',1,'admin','API模块','查看API列表','GET','/api/v1/api/list',200,5,'{"page":"1","page_size":"10"}','{"code":200,"msg":null,"data":[{"created_at":"2026-01-08 15:02:06","path":"/api/v1/api/list","updated_at":"2026-01-08 15:02:06","method":"GET","summary":"查看API列表","id":23,"tags":"API模块"},{"created_at":"2026-01-08 15:02:06","path":"/api/v1/api/get","updated_at":"2026-01-08 15:02:06","method":"GET","summary":"查看Api","id":24,"tags":"API模块"},{"created_at":"2026-01-08 15:02:06","path":"/api/v1/api/create","updated_at":"2026-01-08 15:02:06","method":"POST","summary":"创建Api","id":25,"tags":"API模块"},{"created_at":"2026-01-08 15:02:06","path":"/api/v1/api/update","updated_at":"2026-01-08 15:02:06","method":"POST","summary":"更新Api","id":26,"tags":"API模块"},{"created_at":"2026-01-08 15:02:06","path":"/api/v1/api/delete","updated_at":"2026-01-08 15:02:06","method":"DELETE","summary":"删除Api","id":27,"tags":"API模块"},{"created_at":"2026-01-08 15:02:06","path":"/api/v1/api/refresh","updated_at":"2026-01-08 15:02:06","method":"POST","summary":"刷新API列表","id":28,"tags":"API模块"},{"created_at":"2026-01-08 15:02:06","path":"/api/v1/base/userinfo","updated_at":"2026-01-08 15:02:06","method":"GET","summary":"查看用户信息","id":1,"tags":"基础模块"},{"created_at":"2026-01-08 15:02:06","path":"/api/v1/base/usermenu","updated_at":"2026-01-08 15:02:06","method":"GET","summary":"查看用户菜单","id":2,"tags":"基础模块"},{"created_at":"2026-01-08 15:02:06","path":"/api/v1/base/userapi","updated_at":"2026-01-08 15:02:06","method":"GET","summary":"查看用户API","id":3,"tags":"基础模块"},{"created_at":"2026-01-08 15:02:06","path":"/api/v1/base/update_password","updated_at":"2026-01-08 15:02:06","method":"POST","summary":"修改密码","id":4,"tags":"基础模块"}],"total":34,"page":1,"page_size":10}');
CREATE TABLE IF NOT EXISTS "dept" (
    "id" INTEGER PRIMARY KEY AUTOINCREMENT NOT NULL,
    "created_at" TIMESTAMP NOT NULL  DEFAULT CURRENT_TIMESTAMP,
    "updated_at" TIMESTAMP NOT NULL  DEFAULT CURRENT_TIMESTAMP,
    "name" VARCHAR(20) NOT NULL UNIQUE /* 部门名称 */,
    "desc" VARCHAR(500)   /* 备注 */,
    "is_deleted" INT NOT NULL  DEFAULT 0 /* 软删除标记 */,
    "order" INT NOT NULL  DEFAULT 0 /* 排序 */,
    "parent_id" INT NOT NULL  DEFAULT 0 /* 父部门ID */
);
CREATE TABLE IF NOT EXISTS "deptclosure" (
    "id" INTEGER PRIMARY KEY AUTOINCREMENT NOT NULL,
    "created_at" TIMESTAMP NOT NULL  DEFAULT CURRENT_TIMESTAMP,
    "updated_at" TIMESTAMP NOT NULL  DEFAULT CURRENT_TIMESTAMP,
    "ancestor" INT NOT NULL  /* 父代 */,
    "descendant" INT NOT NULL  /* 子代 */,
    "level" INT NOT NULL  DEFAULT 0 /* 深度 */
);
CREATE TABLE IF NOT EXISTS "menu" (
    "id" INTEGER PRIMARY KEY AUTOINCREMENT NOT NULL,
    "created_at" TIMESTAMP NOT NULL  DEFAULT CURRENT_TIMESTAMP,
    "updated_at" TIMESTAMP NOT NULL  DEFAULT CURRENT_TIMESTAMP,
    "name" VARCHAR(20) NOT NULL  /* 菜单名称 */,
    "remark" JSON   /* 保留字段 */,
    "menu_type" VARCHAR(7)   /* 菜单类型 */,
    "icon" VARCHAR(100)   /* 菜单图标 */,
    "path" VARCHAR(100) NOT NULL  /* 菜单路径 */,
    "order" INT NOT NULL  DEFAULT 0 /* 排序 */,
    "parent_id" INT NOT NULL  DEFAULT 0 /* 父菜单ID */,
    "is_hidden" INT NOT NULL  DEFAULT 0 /* 是否隐藏 */,
    "component" VARCHAR(100) NOT NULL  /* 组件 */,
    "keepalive" INT NOT NULL  DEFAULT 1 /* 存活 */,
    "redirect" VARCHAR(100)   /* 重定向 */
);
INSERT INTO menu VALUES(1,'2026-01-08 15:02:06.385505+08:00','2026-01-08 15:02:06.385513+08:00','系统管理',NULL,'catalog','carbon:gui-management','/system',1,0,0,'Layout',0,'/system/user');
INSERT INTO menu VALUES(2,'2026-01-08 15:02:06.385835+08:00','2026-01-08 15:02:06.385840+08:00','用户管理',NULL,'menu','material-symbols:person-outline-rounded','user',1,1,0,'/system/user',0,NULL);
INSERT INTO menu VALUES(3,'2026-01-08 15:02:06.385851+08:00','2026-01-08 15:02:06.385853+08:00','角色管理',NULL,'menu','carbon:user-role','role',2,1,0,'/system/role',0,NULL);
INSERT INTO menu VALUES(4,'2026-01-08 15:02:06.385861+08:00','2026-01-08 15:02:06.385863+08:00','菜单管理',NULL,'menu','material-symbols:list-alt-outline','menu',3,1,0,'/system/menu',0,NULL);
INSERT INTO menu VALUES(5,'2026-01-08 15:02:06.385870+08:00','2026-01-08 15:02:06.385873+08:00','API管理',NULL,'menu','ant-design:api-outlined','api',4,1,0,'/system/api',0,NULL);
INSERT INTO menu VALUES(6,'2026-01-08 15:02:06.385880+08:00','2026-01-08 15:02:06.385882+08:00','部门管理',NULL,'menu','mingcute:department-line','dept',5,1,0,'/system/dept',0,NULL);
INSERT INTO menu VALUES(7,'2026-01-08 15:02:06.385889+08:00','2026-01-08 15:02:06.385892+08:00','审计日志',NULL,'menu','ph:clipboard-text-bold','auditlog',6,1,0,'/system/auditlog',0,NULL);
INSERT INTO menu VALUES(8,'2026-01-08 15:02:06.386162+08:00','2026-01-08 15:02:06.386166+08:00','一级菜单',NULL,'menu','material-symbols:featured-play-list-outline','/top-menu',2,0,0,'/top-menu',0,'');
CREATE TABLE IF NOT EXISTS "role" (
    "id" INTEGER PRIMARY KEY AUTOINCREMENT NOT NULL,
    "created_at" TIMESTAMP NOT NULL  DEFAULT CURRENT_TIMESTAMP,
    "updated_at" TIMESTAMP NOT NULL  DEFAULT CURRENT_TIMESTAMP,
    "name" VARCHAR(20) NOT NULL UNIQUE /* 角色名称 */,
    "desc" VARCHAR(500)   /* 角色描述 */
);
INSERT INTO role VALUES(1,'2026-01-08 15:02:06.401577+08:00','2026-01-08 15:02:06.401581+08:00','管理员','管理员角色');
INSERT INTO role VALUES(2,'2026-01-08 15:02:06.401781+08:00','2026-01-08 15:02:06.401784+08:00','普通用户','普通用户角色');
CREATE TABLE IF NOT EXISTS "user" (
    "id" INTEGER PRIMARY KEY AUTOINCREMENT NOT NULL,
    "created_at" TIMESTAMP NOT NULL  DEFAULT CURRENT_TIMESTAMP,
    "updated_at" TIMESTAMP NOT NULL  DEFAULT CURRENT_TIMESTAMP,
    "username" VARCHAR(20) NOT NULL UNIQUE /* 用户名称 */,
    "alias" VARCHAR(30)   /* 姓名 */,
    "email" VARCHAR(255) NOT NULL UNIQUE /* 邮箱 */,
    "phone" VARCHAR(20)   /* 电话 */,
    "password" VARCHAR(128)   /* 密码 */,
    "is_active" INT NOT NULL  DEFAULT 1 /* 是否激活 */,
    "is_superuser" INT NOT NULL  DEFAULT 0 /* 是否为超级管理员 */,
    "last_login" TIMESTAMP   /* 最后登录时间 */,
    "dept_id" INT   /* 部门ID */
);
INSERT INTO user VALUES(1,'2026-01-08 15:02:06.384312+08:00','2026-01-08 16:05:08.433409+08:00','admin',NULL,'admin@admin.com',NULL,'$argon2id$v=19$m=65536,t=3,p=4$7J2zNgbgnFPK2ZuT0jrnfA$2d6x6iyZfKmJCE8ejVh75DTo4PdcA7+vZBz9D8LVymw',1,1,'2026-01-08 16:05:08.433368',0);
INSERT INTO user VALUES(2,'2026-01-08 16:07:18.880389+08:00','2026-01-08 16:07:18.880414+08:00','测试用户',NULL,'liuwf@beukay.com',NULL,'$argon2id$v=19$m=65536,t=3,p=4$yRlDKAUAIKTU2tu7954Tog$spPQp5rZeHU7fKFwYlpPz3OYBXsLGmo7/pPCHlsK2Yo',1,0,NULL,0);
CREATE TABLE IF NOT EXISTS "aerich" (
    "id" INTEGER PRIMARY KEY AUTOINCREMENT NOT NULL,
    "version" VARCHAR(255) NOT NULL,
    "app" VARCHAR(100) NOT NULL,
    "content" JSON NOT NULL
);
INSERT INTO aerich VALUES(1,'0_20260108150206_init.py','models','{"models.Api": {"name": "models.Api", "app": "models", "table": "api", "abstract": false, "description": null, "docstring": null, "unique_together": [], "indexes": [], "pk_field": {"name": "id", "field_type": "BigIntField", "db_column": "id", "python_type": "int", "generated": true, "nullable": false, "unique": true, "indexed": true, "default": null, "description": null, "docstring": null, "constraints": {"ge": -9223372036854775808, "le": 9223372036854775807}, "db_field_types": {"": "BIGINT", "oracle": "INT"}}, "data_fields": [{"name": "created_at", "field_type": "DatetimeField", "db_column": "created_at", "python_type": "datetime.datetime", "generated": false, "nullable": false, "unique": false, "indexed": true, "default": null, "description": null, "docstring": null, "constraints": {"readOnly": true}, "db_field_types": {"": "TIMESTAMP", "mssql": "DATETIME2", "mysql": "DATETIME(6)", "oracle": "TIMESTAMP WITH TIME ZONE", "postgres": "TIMESTAMPTZ"}, "auto_now_add": true, "auto_now": false}, {"name": "updated_at", "field_type": "DatetimeField", "db_column": "updated_at", "python_type": "datetime.datetime", "generated": false, "nullable": false, "unique": false, "indexed": true, "default": null, "description": null, "docstring": null, "constraints": {"readOnly": true}, "db_field_types": {"": "TIMESTAMP", "mssql": "DATETIME2", "mysql": "DATETIME(6)", "oracle": "TIMESTAMP WITH TIME ZONE", "postgres": "TIMESTAMPTZ"}, "auto_now_add": true, "auto_now": true}, {"name": "path", "field_type": "CharField", "db_column": "path", "python_type": "str", "generated": false, "nullable": false, "unique": false, "indexed": true, "default": null, "description": "API\u8def\u5f84", "docstring": null, "constraints": {"max_length": 100}, "db_field_types": {"": "VARCHAR(100)"}}, {"name": "method", "field_type": "CharEnumFieldInstance", "db_column": "method", "python_type": "str", "generated": false, "nullable": false, "unique": false, "indexed": true, "default": null, "description": "\u8bf7\u6c42\u65b9\u6cd5", "docstring": null, "constraints": {"max_length": 6}, "db_field_types": {"": "VARCHAR(6)"}}, {"name": "summary", "field_type": "CharField", "db_column": "summary", "python_type": "str", "generated": false, "nullable": false, "unique": false, "indexed": true, "default": null, "description": "\u8bf7\u6c42\u7b80\u4ecb", "docstring": null, "constraints": {"max_length": 500}, "db_field_types": {"": "VARCHAR(500)"}}, {"name": "tags", "field_type": "CharField", "db_column": "tags", "python_type": "str", "generated": false, "nullable": false, "unique": false, "indexed": true, "default": null, "description": "API\u6807\u7b7e", "docstring": null, "constraints": {"max_length": 100}, "db_field_types": {"": "VARCHAR(100)"}}], "fk_fields": [], "backward_fk_fields": [], "o2o_fields": [], "backward_o2o_fields": [], "m2m_fields": [{"name": "role_apis", "field_type": "ManyToManyFieldInstance", "python_type": "models.Role", "generated": false, "nullable": false, "unique": false, "indexed": false, "default": null, "description": null, "docstring": null, "constraints": {}, "db_constraint": true, "model_name": "models.Role", "related_name": "apis", "forward_key": "role_id", "backward_key": "api_id", "through": "role_api", "on_delete": "CASCADE", "_generated": true}]}, "models.AuditLog": {"name": "models.AuditLog", "app": "models", "table": "auditlog", "abstract": false, "description": null, "docstring": null, "unique_together": [], "indexes": [], "pk_field": {"name": "id", "field_type": "BigIntField", "db_column": "id", "python_type": "int", "generated": true, "nullable": false, "unique": true, "indexed": true, "default": null, "description": null, "docstring": null, "constraints": {"ge": -9223372036854775808, "le": 9223372036854775807}, "db_field_types": {"": "BIGINT", "oracle": "INT"}}, "data_fields": [{"name": "created_at", "field_type": "DatetimeField", "db_column": "created_at", "python_type": "datetime.datetime", "generated": false, "nullable": false, "unique": false, "indexed": true, "default": null, "description": null, "docstring": null, "constraints": {"readOnly": true}, "db_field_types": {"": "TIMESTAMP", "mssql": "DATETIME2", "mysql": "DATETIME(6)", "oracle": "TIMESTAMP WITH TIME ZONE", "postgres": "TIMESTAMPTZ"}, "auto_now_add": true, "auto_now": false}, {"name": "updated_at", "field_type": "DatetimeField", "db_column": "updated_at", "python_type": "datetime.datetime", "generated": false, "nullable": false, "unique": false, "indexed": true, "default": null, "description": null, "docstring": null, "constraints": {"readOnly": true}, "db_field_types": {"": "TIMESTAMP", "mssql": "DATETIME2", "mysql": "DATETIME(6)", "oracle": "TIMESTAMP WITH TIME ZONE", "postgres": "TIMESTAMPTZ"}, "auto_now_add": true, "auto_now": true}, {"name": "user_id", "field_type": "IntField", "db_column": "user_id", "python_type": "int", "generated": false, "nullable": false, "unique": false, "indexed": true, "default": null, "description": "\u7528\u6237ID", "docstring": null, "constraints": {"ge": -2147483648, "le": 2147483647}, "db_field_types": {"": "INT"}}, {"name": "username", "field_type": "CharField", "db_column": "username", "python_type": "str", "generated": false, "nullable": false, "unique": false, "indexed": true, "default": "", "description": "\u7528\u6237\u540d\u79f0", "docstring": null, "constraints": {"max_length": 64}, "db_field_types": {"": "VARCHAR(64)"}}, {"name": "module", "field_type": "CharField", "db_column": "module", "python_type": "str", "generated": false, "nullable": false, "unique": false, "indexed": true, "default": "", "description": "\u529f\u80fd\u6a21\u5757", "docstring": null, "constraints": {"max_length": 64}, "db_field_types": {"": "VARCHAR(64)"}}, {"name": "summary", "field_type": "CharField", "db_column": "summary", "python_type": "str", "generated": false, "nullable": false, "unique": false, "indexed": true, "default": "", "description": "\u8bf7\u6c42\u63cf\u8ff0", "docstring": null, "constraints": {"max_length": 128}, "db_field_types": {"": "VARCHAR(128)"}}, {"name": "method", "field_type": "CharField", "db_column": "method", "python_type": "str", "generated": false, "nullable": false, "unique": false, "indexed": true, "default": "", "description": "\u8bf7\u6c42\u65b9\u6cd5", "docstring": null, "constraints": {"max_length": 10}, "db_field_types": {"": "VARCHAR(10)"}}, {"name": "path", "field_type": "CharField", "db_column": "path", "python_type": "str", "generated": false, "nullable": false, "unique": false, "indexed": true, "default": "", "description": "\u8bf7\u6c42\u8def\u5f84", "docstring": null, "constraints": {"max_length": 255}, "db_field_types": {"": "VARCHAR(255)"}}, {"name": "status", "field_type": "IntField", "db_column": "status", "python_type": "int", "generated": false, "nullable": false, "unique": false, "indexed": true, "default": -1, "description": "\u72b6\u6001\u7801", "docstring": null, "constraints": {"ge": -2147483648, "le": 2147483647}, "db_field_types": {"": "INT"}}, {"name": "response_time", "field_type": "IntField", "db_column": "response_time", "python_type": "int", "generated": false, "nullable": false, "unique": false, "indexed": true, "default": 0, "description": "\u54cd\u5e94\u65f6\u95f4(\u5355\u4f4dms)", "docstring": null, "constraints": {"ge": -2147483648, "le": 2147483647}, "db_field_types": {"": "INT"}}, {"name": "request_args", "field_type": "JSONField", "db_column": "request_args", "python_type": "Union[dict, list]", "generated": false, "nullable": true, "unique": false, "indexed": false, "default": null, "description": "\u8bf7\u6c42\u53c2\u6570", "docstring": null, "constraints": {}, "db_field_types": {"": "JSON", "mssql": "NVARCHAR(MAX)", "oracle": "NCLOB", "postgres": "JSONB"}}, {"name": "response_body", "field_type": "JSONField", "db_column": "response_body", "python_type": "Union[dict, list]", "generated": false, "nullable": true, "unique": false, "indexed": false, "default": null, "description": "\u8fd4\u56de\u6570\u636e", "docstring": null, "constraints": {}, "db_field_types": {"": "JSON", "mssql": "NVARCHAR(MAX)", "oracle": "NCLOB", "postgres": "JSONB"}}], "fk_fields": [], "backward_fk_fields": [], "o2o_fields": [], "backward_o2o_fields": [], "m2m_fields": []}, "models.Dept": {"name": "models.Dept", "app": "models", "table": "dept", "abstract": false, "description": null, "docstring": null, "unique_together": [], "indexes": [], "pk_field": {"name": "id", "field_type": "BigIntField", "db_column": "id", "python_type": "int", "generated": true, "nullable": false, "unique": true, "indexed": true, "default": null, "description": null, "docstring": null, "constraints": {"ge": -9223372036854775808, "le": 9223372036854775807}, "db_field_types": {"": "BIGINT", "oracle": "INT"}}, "data_fields": [{"name": "created_at", "field_type": "DatetimeField", "db_column": "created_at", "python_type": "datetime.datetime", "generated": false, "nullable": false, "unique": false, "indexed": true, "default": null, "description": null, "docstring": null, "constraints": {"readOnly": true}, "db_field_types": {"": "TIMESTAMP", "mssql": "DATETIME2", "mysql": "DATETIME(6)", "oracle": "TIMESTAMP WITH TIME ZONE", "postgres": "TIMESTAMPTZ"}, "auto_now_add": true, "auto_now": false}, {"name": "updated_at", "field_type": "DatetimeField", "db_column": "updated_at", "python_type": "datetime.datetime", "generated": false, "nullable": false, "unique": false, "indexed": true, "default": null, "description": null, "docstring": null, "constraints": {"readOnly": true}, "db_field_types": {"": "TIMESTAMP", "mssql": "DATETIME2", "mysql": "DATETIME(6)", "oracle": "TIMESTAMP WITH TIME ZONE", "postgres": "TIMESTAMPTZ"}, "auto_now_add": true, "auto_now": true}, {"name": "name", "field_type": "CharField", "db_column": "name", "python_type": "str", "generated": false, "nullable": false, "unique": true, "indexed": true, "default": null, "description": "\u90e8\u95e8\u540d\u79f0", "docstring": null, "constraints": {"max_length": 20}, "db_field_types": {"": "VARCHAR(20)"}}, {"name": "desc", "field_type": "CharField", "db_column": "desc", "python_type": "str", "generated": false, "nullable": true, "unique": false, "indexed": false, "default": null, "description": "\u5907\u6ce8", "docstring": null, "constraints": {"max_length": 500}, "db_field_types": {"": "VARCHAR(500)"}}, {"name": "is_deleted", "field_type": "BooleanField", "db_column": "is_deleted", "python_type": "bool", "generated": false, "nullable": false, "unique": false, "indexed": true, "default": false, "description": "\u8f6f\u5220\u9664\u6807\u8bb0", "docstring": null, "constraints": {}, "db_field_types": {"": "BOOL", "mssql": "BIT", "oracle": "NUMBER(1)", "sqlite": "INT"}}, {"name": "order", "field_type": "IntField", "db_column": "order", "python_type": "int", "generated": false, "nullable": false, "unique": false, "indexed": true, "default": 0, "description": "\u6392\u5e8f", "docstring": null, "constraints": {"ge": -2147483648, "le": 2147483647}, "db_field_types": {"": "INT"}}, {"name": "parent_id", "field_type": "IntField", "db_column": "parent_id", "python_type": "int", "generated": false, "nullable": false, "unique": false, "indexed": true, "default": 0, "description": "\u7236\u90e8\u95e8ID", "docstring": null, "constraints": {"ge": -2147483648, "le": 2147483647}, "db_field_types": {"": "INT"}}], "fk_fields": [], "backward_fk_fields": [], "o2o_fields": [], "backward_o2o_fields": [], "m2m_fields": []}, "models.DeptClosure": {"name": "models.DeptClosure", "app": "models", "table": "deptclosure", "abstract": false, "description": null, "docstring": null, "unique_together": [], "indexes": [], "pk_field": {"name": "id", "field_type": "BigIntField", "db_column": "id", "python_type": "int", "generated": true, "nullable": false, "unique": true, "indexed": true, "default": null, "description": null, "docstring": null, "constraints": {"ge": -9223372036854775808, "le": 9223372036854775807}, "db_field_types": {"": "BIGINT", "oracle": "INT"}}, "data_fields": [{"name": "created_at", "field_type": "DatetimeField", "db_column": "created_at", "python_type": "datetime.datetime", "generated": false, "nullable": false, "unique": false, "indexed": true, "default": null, "description": null, "docstring": null, "constraints": {"readOnly": true}, "db_field_types": {"": "TIMESTAMP", "mssql": "DATETIME2", "mysql": "DATETIME(6)", "oracle": "TIMESTAMP WITH TIME ZONE", "postgres": "TIMESTAMPTZ"}, "auto_now_add": true, "auto_now": false}, {"name": "updated_at", "field_type": "DatetimeField", "db_column": "updated_at", "python_type": "datetime.datetime", "generated": false, "nullable": false, "unique": false, "indexed": true, "default": null, "description": null, "docstring": null, "constraints": {"readOnly": true}, "db_field_types": {"": "TIMESTAMP", "mssql": "DATETIME2", "mysql": "DATETIME(6)", "oracle": "TIMESTAMP WITH TIME ZONE", "postgres": "TIMESTAMPTZ"}, "auto_now_add": true, "auto_now": true}, {"name": "ancestor", "field_type": "IntField", "db_column": "ancestor", "python_type": "int", "generated": false, "nullable": false, "unique": false, "indexed": true, "default": null, "description": "\u7236\u4ee3", "docstring": null, "constraints": {"ge": -2147483648, "le": 2147483647}, "db_field_types": {"": "INT"}}, {"name": "descendant", "field_type": "IntField", "db_column": "descendant", "python_type": "int", "generated": false, "nullable": false, "unique": false, "indexed": true, "default": null, "description": "\u5b50\u4ee3", "docstring": null, "constraints": {"ge": -2147483648, "le": 2147483647}, "db_field_types": {"": "INT"}}, {"name": "level", "field_type": "IntField", "db_column": "level", "python_type": "int", "generated": false, "nullable": false, "unique": false, "indexed": true, "default": 0, "description": "\u6df1\u5ea6", "docstring": null, "constraints": {"ge": -2147483648, "le": 2147483647}, "db_field_types": {"": "INT"}}], "fk_fields": [], "backward_fk_fields": [], "o2o_fields": [], "backward_o2o_fields": [], "m2m_fields": []}, "models.Menu": {"name": "models.Menu", "app": "models", "table": "menu", "abstract": false, "description": null, "docstring": null, "unique_together": [], "indexes": [], "pk_field": {"name": "id", "field_type": "BigIntField", "db_column": "id", "python_type": "int", "generated": true, "nullable": false, "unique": true, "indexed": true, "default": null, "description": null, "docstring": null, "constraints": {"ge": -9223372036854775808, "le": 9223372036854775807}, "db_field_types": {"": "BIGINT", "oracle": "INT"}}, "data_fields": [{"name": "created_at", "field_type": "DatetimeField", "db_column": "created_at", "python_type": "datetime.datetime", "generated": false, "nullable": false, "unique": false, "indexed": true, "default": null, "description": null, "docstring": null, "constraints": {"readOnly": true}, "db_field_types": {"": "TIMESTAMP", "mssql": "DATETIME2", "mysql": "DATETIME(6)", "oracle": "TIMESTAMP WITH TIME ZONE", "postgres": "TIMESTAMPTZ"}, "auto_now_add": true, "auto_now": false}, {"name": "updated_at", "field_type": "DatetimeField", "db_column": "updated_at", "python_type": "datetime.datetime", "generated": false, "nullable": false, "unique": false, "indexed": true, "default": null, "description": null, "docstring": null, "constraints": {"readOnly": true}, "db_field_types": {"": "TIMESTAMP", "mssql": "DATETIME2", "mysql": "DATETIME(6)", "oracle": "TIMESTAMP WITH TIME ZONE", "postgres": "TIMESTAMPTZ"}, "auto_now_add": true, "auto_now": true}, {"name": "name", "field_type": "CharField", "db_column": "name", "python_type": "str", "generated": false, "nullable": false, "unique": false, "indexed": true, "default": null, "description": "\u83dc\u5355\u540d\u79f0", "docstring": null, "constraints": {"max_length": 20}, "db_field_types": {"": "VARCHAR(20)"}}, {"name": "remark", "field_type": "JSONField", "db_column": "remark", "python_type": "Union[dict, list]", "generated": false, "nullable": true, "unique": false, "indexed": false, "default": null, "description": "\u4fdd\u7559\u5b57\u6bb5", "docstring": null, "constraints": {}, "db_field_types": {"": "JSON", "mssql": "NVARCHAR(MAX)", "oracle": "NCLOB", "postgres": "JSONB"}}, {"name": "menu_type", "field_type": "CharEnumFieldInstance", "db_column": "menu_type", "python_type": "str", "generated": false, "nullable": true, "unique": false, "indexed": false, "default": null, "description": "\u83dc\u5355\u7c7b\u578b", "docstring": null, "constraints": {"max_length": 7}, "db_field_types": {"": "VARCHAR(7)"}}, {"name": "icon", "field_type": "CharField", "db_column": "icon", "python_type": "str", "generated": false, "nullable": true, "unique": false, "indexed": false, "default": null, "description": "\u83dc\u5355\u56fe\u6807", "docstring": null, "constraints": {"max_length": 100}, "db_field_types": {"": "VARCHAR(100)"}}, {"name": "path", "field_type": "CharField", "db_column": "path", "python_type": "str", "generated": false, "nullable": false, "unique": false, "indexed": true, "default": null, "description": "\u83dc\u5355\u8def\u5f84", "docstring": null, "constraints": {"max_length": 100}, "db_field_types": {"": "VARCHAR(100)"}}, {"name": "order", "field_type": "IntField", "db_column": "order", "python_type": "int", "generated": false, "nullable": false, "unique": false, "indexed": true, "default": 0, "description": "\u6392\u5e8f", "docstring": null, "constraints": {"ge": -2147483648, "le": 2147483647}, "db_field_types": {"": "INT"}}, {"name": "parent_id", "field_type": "IntField", "db_column": "parent_id", "python_type": "int", "generated": false, "nullable": false, "unique": false, "indexed": true, "default": 0, "description": "\u7236\u83dc\u5355ID", "docstring": null, "constraints": {"ge": -2147483648, "le": 2147483647}, "db_field_types": {"": "INT"}}, {"name": "is_hidden", "field_type": "BooleanField", "db_column": "is_hidden", "python_type": "bool", "generated": false, "nullable": false, "unique": false, "indexed": false, "default": false, "description": "\u662f\u5426\u9690\u85cf", "docstring": null, "constraints": {}, "db_field_types": {"": "BOOL", "mssql": "BIT", "oracle": "NUMBER(1)", "sqlite": "INT"}}, {"name": "component", "field_type": "CharField", "db_column": "component", "python_type": "str", "generated": false, "nullable": false, "unique": false, "indexed": false, "default": null, "description": "\u7ec4\u4ef6", "docstring": null, "constraints": {"max_length": 100}, "db_field_types": {"": "VARCHAR(100)"}}, {"name": "keepalive", "field_type": "BooleanField", "db_column": "keepalive", "python_type": "bool", "generated": false, "nullable": false, "unique": false, "indexed": false, "default": true, "description": "\u5b58\u6d3b", "docstring": null, "constraints": {}, "db_field_types": {"": "BOOL", "mssql": "BIT", "oracle": "NUMBER(1)", "sqlite": "INT"}}, {"name": "redirect", "field_type": "CharField", "db_column": "redirect", "python_type": "str", "generated": false, "nullable": true, "unique": false, "indexed": false, "default": null, "description": "\u91cd\u5b9a\u5411", "docstring": null, "constraints": {"max_length": 100}, "db_field_types": {"": "VARCHAR(100)"}}], "fk_fields": [], "backward_fk_fields": [], "o2o_fields": [], "backward_o2o_fields": [], "m2m_fields": [{"name": "role_menus", "field_type": "ManyToManyFieldInstance", "python_type": "models.Role", "generated": false, "nullable": false, "unique": false, "indexed": false, "default": null, "description": null, "docstring": null, "constraints": {}, "db_constraint": true, "model_name": "models.Role", "related_name": "menus", "forward_key": "role_id", "backward_key": "menu_id", "through": "role_menu", "on_delete": "CASCADE", "_generated": true}]}, "models.Role": {"name": "models.Role", "app": "models", "table": "role", "abstract": false, "description": null, "docstring": null, "unique_together": [], "indexes": [], "pk_field": {"name": "id", "field_type": "BigIntField", "db_column": "id", "python_type": "int", "generated": true, "nullable": false, "unique": true, "indexed": true, "default": null, "description": null, "docstring": null, "constraints": {"ge": -9223372036854775808, "le": 9223372036854775807}, "db_field_types": {"": "BIGINT", "oracle": "INT"}}, "data_fields": [{"name": "created_at", "field_type": "DatetimeField", "db_column": "created_at", "python_type": "datetime.datetime", "generated": false, "nullable": false, "unique": false, "indexed": true, "default": null, "description": null, "docstring": null, "constraints": {"readOnly": true}, "db_field_types": {"": "TIMESTAMP", "mssql": "DATETIME2", "mysql": "DATETIME(6)", "oracle": "TIMESTAMP WITH TIME ZONE", "postgres": "TIMESTAMPTZ"}, "auto_now_add": true, "auto_now": false}, {"name": "updated_at", "field_type": "DatetimeField", "db_column": "updated_at", "python_type": "datetime.datetime", "generated": false, "nullable": false, "unique": false, "indexed": true, "default": null, "description": null, "docstring": null, "constraints": {"readOnly": true}, "db_field_types": {"": "TIMESTAMP", "mssql": "DATETIME2", "mysql": "DATETIME(6)", "oracle": "TIMESTAMP WITH TIME ZONE", "postgres": "TIMESTAMPTZ"}, "auto_now_add": true, "auto_now": true}, {"name": "name", "field_type": "CharField", "db_column": "name", "python_type": "str", "generated": false, "nullable": false, "unique": true, "indexed": true, "default": null, "description": "\u89d2\u8272\u540d\u79f0", "docstring": null, "constraints": {"max_length": 20}, "db_field_types": {"": "VARCHAR(20)"}}, {"name": "desc", "field_type": "CharField", "db_column": "desc", "python_type": "str", "generated": false, "nullable": true, "unique": false, "indexed": false, "default": null, "description": "\u89d2\u8272\u63cf\u8ff0", "docstring": null, "constraints": {"max_length": 500}, "db_field_types": {"": "VARCHAR(500)"}}], "fk_fields": [], "backward_fk_fields": [], "o2o_fields": [], "backward_o2o_fields": [], "m2m_fields": [{"name": "menus", "field_type": "ManyToManyFieldInstance", "python_type": "models.Menu", "generated": false, "nullable": false, "unique": false, "indexed": false, "default": null, "description": null, "docstring": null, "constraints": {}, "db_constraint": true, "model_name": "models.Menu", "related_name": "role_menus", "forward_key": "menu_id", "backward_key": "role_id", "through": "role_menu", "on_delete": "CASCADE", "_generated": false}, {"name": "apis", "field_type": "ManyToManyFieldInstance", "python_type": "models.Api", "generated": false, "nullable": false, "unique": false, "indexed": false, "default": null, "description": null, "docstring": null, "constraints": {}, "db_constraint": true, "model_name": "models.Api", "related_name": "role_apis", "forward_key": "api_id", "backward_key": "role_id", "through": "role_api", "on_delete": "CASCADE", "_generated": false}, {"name": "user_roles", "field_type": "ManyToManyFieldInstance", "python_type": "models.User", "generated": false, "nullable": false, "unique": false, "indexed": false, "default": null, "description": null, "docstring": null, "constraints": {}, "db_constraint": true, "model_name": "models.User", "related_name": "roles", "forward_key": "user_id", "backward_key": "role_id", "through": "user_role", "on_delete": "CASCADE", "_generated": true}]}, "models.User": {"name": "models.User", "app": "models", "table": "user", "abstract": false, "description": null, "docstring": null, "unique_together": [], "indexes": [], "pk_field": {"name": "id", "field_type": "BigIntField", "db_column": "id", "python_type": "int", "generated": true, "nullable": false, "unique": true, "indexed": true, "default": null, "description": null, "docstring": null, "constraints": {"ge": -9223372036854775808, "le": 9223372036854775807}, "db_field_types": {"": "BIGINT", "oracle": "INT"}}, "data_fields": [{"name": "created_at", "field_type": "DatetimeField", "db_column": "created_at", "python_type": "datetime.datetime", "generated": false, "nullable": false, "unique": false, "indexed": true, "default": null, "description": null, "docstring": null, "constraints": {"readOnly": true}, "db_field_types": {"": "TIMESTAMP", "mssql": "DATETIME2", "mysql": "DATETIME(6)", "oracle": "TIMESTAMP WITH TIME ZONE", "postgres": "TIMESTAMPTZ"}, "auto_now_add": true, "auto_now": false}, {"name": "updated_at", "field_type": "DatetimeField", "db_column": "updated_at", "python_type": "datetime.datetime", "generated": false, "nullable": false, "unique": false, "indexed": true, "default": null, "description": null, "docstring": null, "constraints": {"readOnly": true}, "db_field_types": {"": "TIMESTAMP", "mssql": "DATETIME2", "mysql": "DATETIME(6)", "oracle": "TIMESTAMP WITH TIME ZONE", "postgres": "TIMESTAMPTZ"}, "auto_now_add": true, "auto_now": true}, {"name": "username", "field_type": "CharField", "db_column": "username", "python_type": "str", "generated": false, "nullable": false, "unique": true, "indexed": true, "default": null, "description": "\u7528\u6237\u540d\u79f0", "docstring": null, "constraints": {"max_length": 20}, "db_field_types": {"": "VARCHAR(20)"}}, {"name": "alias", "field_type": "CharField", "db_column": "alias", "python_type": "str", "generated": false, "nullable": true, "unique": false, "indexed": true, "default": null, "description": "\u59d3\u540d", "docstring": null, "constraints": {"max_length": 30}, "db_field_types": {"": "VARCHAR(30)"}}, {"name": "email", "field_type": "CharField", "db_column": "email", "python_type": "str", "generated": false, "nullable": false, "unique": true, "indexed": true, "default": null, "description": "\u90ae\u7bb1", "docstring": null, "constraints": {"max_length": 255}, "db_field_types": {"": "VARCHAR(255)"}}, {"name": "phone", "field_type": "CharField", "db_column": "phone", "python_type": "str", "generated": false, "nullable": true, "unique": false, "indexed": true, "default": null, "description": "\u7535\u8bdd", "docstring": null, "constraints": {"max_length": 20}, "db_field_types": {"": "VARCHAR(20)"}}, {"name": "password", "field_type": "CharField", "db_column": "password", "python_type": "str", "generated": false, "nullable": true, "unique": false, "indexed": false, "default": null, "description": "\u5bc6\u7801", "docstring": null, "constraints": {"max_length": 128}, "db_field_types": {"": "VARCHAR(128)"}}, {"name": "is_active", "field_type": "BooleanField", "db_column": "is_active", "python_type": "bool", "generated": false, "nullable": false, "unique": false, "indexed": true, "default": true, "description": "\u662f\u5426\u6fc0\u6d3b", "docstring": null, "constraints": {}, "db_field_types": {"": "BOOL", "mssql": "BIT", "oracle": "NUMBER(1)", "sqlite": "INT"}}, {"name": "is_superuser", "field_type": "BooleanField", "db_column": "is_superuser", "python_type": "bool", "generated": false, "nullable": false, "unique": false, "indexed": true, "default": false, "description": "\u662f\u5426\u4e3a\u8d85\u7ea7\u7ba1\u7406\u5458", "docstring": null, "constraints": {}, "db_field_types": {"": "BOOL", "mssql": "BIT", "oracle": "NUMBER(1)", "sqlite": "INT"}}, {"name": "last_login", "field_type": "DatetimeField", "db_column": "last_login", "python_type": "datetime.datetime", "generated": false, "nullable": true, "unique": false, "indexed": true, "default": null, "description": "\u6700\u540e\u767b\u5f55\u65f6\u95f4", "docstring": null, "constraints": {}, "db_field_types": {"": "TIMESTAMP", "mssql": "DATETIME2", "mysql": "DATETIME(6)", "oracle": "TIMESTAMP WITH TIME ZONE", "postgres": "TIMESTAMPTZ"}, "auto_now_add": false, "auto_now": false}, {"name": "dept_id", "field_type": "IntField", "db_column": "dept_id", "python_type": "int", "generated": false, "nullable": true, "unique": false, "indexed": true, "default": null, "description": "\u90e8\u95e8ID", "docstring": null, "constraints": {"ge": -2147483648, "le": 2147483647}, "db_field_types": {"": "INT"}}], "fk_fields": [], "backward_fk_fields": [], "o2o_fields": [], "backward_o2o_fields": [], "m2m_fields": [{"name": "roles", "field_type": "ManyToManyFieldInstance", "python_type": "models.Role", "generated": false, "nullable": false, "unique": false, "indexed": false, "default": null, "description": null, "docstring": null, "constraints": {}, "db_constraint": true, "model_name": "models.Role", "related_name": "user_roles", "forward_key": "role_id", "backward_key": "user_id", "through": "user_role", "on_delete": "CASCADE", "_generated": false}]}, "models.Aerich": {"name": "models.Aerich", "app": "models", "table": "aerich", "abstract": false, "description": null, "docstring": null, "unique_together": [], "indexes": [], "pk_field": {"name": "id", "field_type": "IntField", "db_column": "id", "python_type": "int", "generated": true, "nullable": false, "unique": true, "indexed": true, "default": null, "description": null, "docstring": null, "constraints": {"ge": -2147483648, "le": 2147483647}, "db_field_types": {"": "INT"}}, "data_fields": [{"name": "version", "field_type": "CharField", "db_column": "version", "python_type": "str", "generated": false, "nullable": false, "unique": false, "indexed": false, "default": null, "description": null, "docstring": null, "constraints": {"max_length": 255}, "db_field_types": {"": "VARCHAR(255)"}}, {"name": "app", "field_type": "CharField", "db_column": "app", "python_type": "str", "generated": false, "nullable": false, "unique": false, "indexed": false, "default": null, "description": null, "docstring": null, "constraints": {"max_length": 100}, "db_field_types": {"": "VARCHAR(100)"}}, {"name": "content", "field_type": "JSONField", "db_column": "content", "python_type": "Union[dict, list]", "generated": false, "nullable": false, "unique": false, "indexed": false, "default": null, "description": null, "docstring": null, "constraints": {}, "db_field_types": {"": "JSON", "mssql": "NVARCHAR(MAX)", "oracle": "NCLOB", "postgres": "JSONB"}}], "fk_fields": [], "backward_fk_fields": [], "o2o_fields": [], "backward_o2o_fields": [], "m2m_fields": []}}');
CREATE TABLE IF NOT EXISTS "role_api" (
    "role_id" BIGINT NOT NULL REFERENCES "role" ("id") ON DELETE CASCADE,
    "api_id" BIGINT NOT NULL REFERENCES "api" ("id") ON DELETE CASCADE
);
INSERT INTO role_api VALUES(1,1);
INSERT INTO role_api VALUES(1,2);
INSERT INTO role_api VALUES(1,3);
INSERT INTO role_api VALUES(1,4);
INSERT INTO role_api VALUES(1,5);
INSERT INTO role_api VALUES(1,6);
INSERT INTO role_api VALUES(1,7);
INSERT INTO role_api VALUES(1,8);
INSERT INTO role_api VALUES(1,9);
INSERT INTO role_api VALUES(1,10);
INSERT INTO role_api VALUES(1,11);
INSERT INTO role_api VALUES(1,12);
INSERT INTO role_api VALUES(1,13);
INSERT INTO role_api VALUES(1,14);
INSERT INTO role_api VALUES(1,15);
INSERT INTO role_api VALUES(1,16);
INSERT INTO role_api VALUES(1,17);
INSERT INTO role_api VALUES(1,18);
INSERT INTO role_api VALUES(1,19);
INSERT INTO role_api VALUES(1,20);
INSERT INTO role_api VALUES(1,21);
INSERT INTO role_api VALUES(1,22);
INSERT INTO role_api VALUES(1,23);
INSERT INTO role_api VALUES(1,24);
INSERT INTO role_api VALUES(1,25);
INSERT INTO role_api VALUES(1,26);
INSERT INTO role_api VALUES(1,27);
INSERT INTO role_api VALUES(1,28);
INSERT INTO role_api VALUES(1,29);
INSERT INTO role_api VALUES(1,30);
INSERT INTO role_api VALUES(1,31);
INSERT INTO role_api VALUES(1,32);
INSERT INTO role_api VALUES(1,33);
INSERT INTO role_api VALUES(1,34);
INSERT INTO role_api VALUES(2,1);
INSERT INTO role_api VALUES(2,2);
INSERT INTO role_api VALUES(2,3);
INSERT INTO role_api VALUES(2,4);
INSERT INTO role_api VALUES(2,5);
INSERT INTO role_api VALUES(2,6);
INSERT INTO role_api VALUES(2,11);
INSERT INTO role_api VALUES(2,12);
INSERT INTO role_api VALUES(2,16);
INSERT INTO role_api VALUES(2,18);
INSERT INTO role_api VALUES(2,19);
INSERT INTO role_api VALUES(2,23);
INSERT INTO role_api VALUES(2,24);
INSERT INTO role_api VALUES(2,29);
INSERT INTO role_api VALUES(2,30);
INSERT INTO role_api VALUES(2,34);
CREATE TABLE IF NOT EXISTS "role_menu" (
    "role_id" BIGINT NOT NULL REFERENCES "role" ("id") ON DELETE CASCADE,
    "menu_id" BIGINT NOT NULL REFERENCES "menu" ("id") ON DELETE CASCADE
);
INSERT INTO role_menu VALUES(1,1);
INSERT INTO role_menu VALUES(1,2);
INSERT INTO role_menu VALUES(1,3);
INSERT INTO role_menu VALUES(1,4);
INSERT INTO role_menu VALUES(1,5);
INSERT INTO role_menu VALUES(1,6);
INSERT INTO role_menu VALUES(1,7);
INSERT INTO role_menu VALUES(1,8);
INSERT INTO role_menu VALUES(2,1);
INSERT INTO role_menu VALUES(2,2);
INSERT INTO role_menu VALUES(2,3);
INSERT INTO role_menu VALUES(2,4);
INSERT INTO role_menu VALUES(2,5);
INSERT INTO role_menu VALUES(2,6);
INSERT INTO role_menu VALUES(2,7);
INSERT INTO role_menu VALUES(2,8);
CREATE TABLE IF NOT EXISTS "user_role" (
    "user_id" BIGINT NOT NULL REFERENCES "user" ("id") ON DELETE CASCADE,
    "role_id" BIGINT NOT NULL REFERENCES "role" ("id") ON DELETE CASCADE
);
INSERT INTO user_role VALUES(2,1);
DELETE FROM sqlite_sequence;
INSERT INTO sqlite_sequence VALUES('aerich',1);
INSERT INTO sqlite_sequence VALUES('user',2);
INSERT INTO sqlite_sequence VALUES('menu',8);
INSERT INTO sqlite_sequence VALUES('api',34);
INSERT INTO sqlite_sequence VALUES('role',2);
INSERT INTO sqlite_sequence VALUES('auditlog',60);
CREATE INDEX "idx_api_created_78d19f" ON "api" ("created_at");
CREATE INDEX "idx_api_updated_643c8b" ON "api" ("updated_at");
CREATE INDEX "idx_api_path_9ed611" ON "api" ("path");
CREATE INDEX "idx_api_method_a46dfb" ON "api" ("method");
CREATE INDEX "idx_api_summary_400f73" ON "api" ("summary");
CREATE INDEX "idx_api_tags_04ae27" ON "api" ("tags");
CREATE INDEX "idx_auditlog_created_cc33d0" ON "auditlog" ("created_at");
CREATE INDEX "idx_auditlog_updated_2f871f" ON "auditlog" ("updated_at");
CREATE INDEX "idx_auditlog_user_id_4b93fa" ON "auditlog" ("user_id");
CREATE INDEX "idx_auditlog_usernam_b187b3" ON "auditlog" ("username");
CREATE INDEX "idx_auditlog_module_04058b" ON "auditlog" ("module");
CREATE INDEX "idx_auditlog_summary_3e27da" ON "auditlog" ("summary");
CREATE INDEX "idx_auditlog_method_4270a2" ON "auditlog" ("method");
CREATE INDEX "idx_auditlog_path_b99502" ON "auditlog" ("path");
CREATE INDEX "idx_auditlog_status_2a72d2" ON "auditlog" ("status");
CREATE INDEX "idx_auditlog_respons_8caa87" ON "auditlog" ("response_time");
CREATE INDEX "idx_dept_created_4b11cf" ON "dept" ("created_at");
CREATE INDEX "idx_dept_updated_0c0bd1" ON "dept" ("updated_at");
CREATE INDEX "idx_dept_name_c2b9da" ON "dept" ("name");
CREATE INDEX "idx_dept_is_dele_466228" ON "dept" ("is_deleted");
CREATE INDEX "idx_dept_order_ddabe1" ON "dept" ("order");
CREATE INDEX "idx_dept_parent__a71a57" ON "dept" ("parent_id");
CREATE INDEX "idx_deptclosure_created_96f6ef" ON "deptclosure" ("created_at");
CREATE INDEX "idx_deptclosure_updated_41fc08" ON "deptclosure" ("updated_at");
CREATE INDEX "idx_deptclosure_ancesto_fbc4ce" ON "deptclosure" ("ancestor");
CREATE INDEX "idx_deptclosure_descend_2ae8b1" ON "deptclosure" ("descendant");
CREATE INDEX "idx_deptclosure_level_ae16b2" ON "deptclosure" ("level");
CREATE INDEX "idx_menu_created_b6922b" ON "menu" ("created_at");
CREATE INDEX "idx_menu_updated_e6b0a1" ON "menu" ("updated_at");
CREATE INDEX "idx_menu_name_b9b853" ON "menu" ("name");
CREATE INDEX "idx_menu_path_bf95b2" ON "menu" ("path");
CREATE INDEX "idx_menu_order_606068" ON "menu" ("order");
CREATE INDEX "idx_menu_parent__bebd15" ON "menu" ("parent_id");
CREATE INDEX "idx_role_created_7f5f71" ON "role" ("created_at");
CREATE INDEX "idx_role_updated_5dd337" ON "role" ("updated_at");
CREATE INDEX "idx_role_name_e5618b" ON "role" ("name");
CREATE INDEX "idx_user_created_b19d59" ON "user" ("created_at");
CREATE INDEX "idx_user_updated_dfdb43" ON "user" ("updated_at");
CREATE INDEX "idx_user_usernam_9987ab" ON "user" ("username");
CREATE INDEX "idx_user_alias_6f9868" ON "user" ("alias");
CREATE INDEX "idx_user_email_1b4f1c" ON "user" ("email");
CREATE INDEX "idx_user_phone_4e3ecc" ON "user" ("phone");
CREATE INDEX "idx_user_is_acti_83722a" ON "user" ("is_active");
CREATE INDEX "idx_user_is_supe_b8a218" ON "user" ("is_superuser");
CREATE INDEX "idx_user_last_lo_af118a" ON "user" ("last_login");
CREATE INDEX "idx_user_dept_id_d4490b" ON "user" ("dept_id");
CREATE UNIQUE INDEX "uidx_role_api_role_id_ba4286" ON "role_api" ("role_id", "api_id");
CREATE UNIQUE INDEX "uidx_role_menu_role_id_90801c" ON "role_menu" ("role_id", "menu_id");
CREATE UNIQUE INDEX "uidx_user_role_user_id_d0bad3" ON "user_role" ("user_id", "role_id");
COMMIT;
